dataset,backbone,config,seed,fold,video,f1_official
summe,mobilevitv2_050,pure,42,1,Air_Force_One,0.6495468020439148
summe,mobilevitv2_050,pure,42,1,Eiffel Tower,0.32813557982444763
summe,mobilevitv2_050,pure,42,1,Jumps,0.40449437499046326
summe,mobilevitv2_050,pure,42,1,Saving dolphines,0.27040818333625793
summe,mobilevitv2_050,pure,42,1,paluma_jump,0.4676056206226349
summe,mobilevitv2_050,pure,42,2,Base jumping,0.37074586749076843
summe,mobilevitv2_050,pure,42,2,Car_railcrossing,0.2101694941520691
summe,mobilevitv2_050,pure,42,2,Excavators river crossing,0.26544299721717834
summe,mobilevitv2_050,pure,42,2,Notre_Dame,0.4905109405517578
summe,mobilevitv2_050,pure,42,2,car_over_camera,0.6672443747520447
summe,mobilevitv2_050,pure,42,3,Bearpark_climbing,0.44979920983314514
summe,mobilevitv2_050,pure,42,3,Bike Polo,0.5584988594055176
summe,mobilevitv2_050,pure,42,3,Bus_in_Rock_Tunnel,0.3663821220397949
summe,mobilevitv2_050,pure,42,3,Kids_playing_in_leaves,0.29247310757637024
summe,mobilevitv2_050,pure,42,3,Playing_on_water_slide,0.2860335111618042
summe,mobilevitv2_050,pure,42,4,Scuba,0.6156299114227295
summe,mobilevitv2_050,pure,42,4,St Maarten Landing,0.29203540086746216
summe,mobilevitv2_050,pure,42,4,Uncut_Evening_Flight,0.14554858207702637
summe,mobilevitv2_050,pure,42,4,Valparaiso_Downhill,0.27215632796287537
summe,mobilevitv2_050,pure,42,4,playing_ball,0.5526881814002991
summe,mobilevitv2_050,pure,42,5,Cockpit_Landing,0.28047868609428406
summe,mobilevitv2_050,pure,42,5,Cooking,0.6129032373428345
summe,mobilevitv2_050,pure,42,5,Fire Domino,0.6016597151756287
summe,mobilevitv2_050,pure,42,5,Paintball,0.5508771538734436
summe,mobilevitv2_050,pure,42,5,Statue of Liberty,0.45494312047958374
summe,mobilevitv2_050,pure,43,1,Air_Force_One,0.5996978878974915
summe,mobilevitv2_050,pure,43,1,Eiffel Tower,0.4892183542251587
summe,mobilevitv2_050,pure,43,1,Jumps,0.40449437499046326
summe,mobilevitv2_050,pure,43,1,Saving dolphines,0.3221544623374939
summe,mobilevitv2_050,pure,43,1,paluma_jump,0.27966099977493286
summe,mobilevitv2_050,pure,43,2,Base jumping,0.2616279125213623
summe,mobilevitv2_050,pure,43,2,Car_railcrossing,0.3460559844970703
summe,mobilevitv2_050,pure,43,2,Excavators river crossing,0.27137812972068787
summe,mobilevitv2_050,pure,43,2,Notre_Dame,0.550960123538971
summe,mobilevitv2_050,pure,43,2,car_over_camera,0.6344085931777954
summe,mobilevitv2_050,pure,43,3,Bearpark_climbing,0.3600415885448456
summe,mobilevitv2_050,pure,43,3,Bike Polo,0.4485549330711365
summe,mobilevitv2_050,pure,43,3,Bus_in_Rock_Tunnel,0.32509753108024597
summe,mobilevitv2_050,pure,43,3,Kids_playing_in_leaves,0.4994663596153259
summe,mobilevitv2_050,pure,43,3,Playing_on_water_slide,0.2860335111618042
summe,mobilevitv2_050,pure,43,4,Scuba,0.40640002489089966
summe,mobilevitv2_050,pure,43,4,St Maarten Landing,0.2863340675830841
summe,mobilevitv2_050,pure,43,4,Uncut_Evening_Flight,0.1575179100036621
summe,mobilevitv2_050,pure,43,4,Valparaiso_Downhill,0.42349904775619507
summe,mobilevitv2_050,pure,43,4,playing_ball,0.5763440728187561
summe,mobilevitv2_050,pure,43,5,Cockpit_Landing,0.4280991554260254
summe,mobilevitv2_050,pure,43,5,Cooking,0.5013477206230164
summe,mobilevitv2_050,pure,43,5,Fire Domino,0.6016597151756287
summe,mobilevitv2_050,pure,43,5,Paintball,0.5508771538734436
summe,mobilevitv2_050,pure,43,5,Statue of Liberty,0.46315792202949524
summe,mobilevitv2_050,pure,44,1,Air_Force_One,0.6495468020439148
summe,mobilevitv2_050,pure,44,1,Eiffel Tower,0.5929918885231018
summe,mobilevitv2_050,pure,44,1,Jumps,0.40449437499046326
summe,mobilevitv2_050,pure,44,1,Saving dolphines,0.2709611654281616
summe,mobilevitv2_050,pure,44,1,paluma_jump,0.24645890295505524
summe,mobilevitv2_050,pure,44,2,Base jumping,0.4358600676059723
summe,mobilevitv2_050,pure,44,2,Car_railcrossing,0.2101694941520691
summe,mobilevitv2_050,pure,44,2,Excavators river crossing,0.44758209586143494
summe,mobilevitv2_050,pure,44,2,Notre_Dame,0.33552151918411255
summe,mobilevitv2_050,pure,44,2,car_over_camera,0.5827956795692444
summe,mobilevitv2_050,pure,44,3,Bearpark_climbing,0.4923391044139862
summe,mobilevitv2_050,pure,44,3,Bike Polo,0.6430445909500122
summe,mobilevitv2_050,pure,44,3,Bus_in_Rock_Tunnel,0.36540961265563965
summe,mobilevitv2_050,pure,44,3,Kids_playing_in_leaves,0.219590961933136
summe,mobilevitv2_050,pure,44,3,Playing_on_water_slide,0.2860335111618042
summe,mobilevitv2_050,pure,44,4,Scuba,0.5354331135749817
summe,mobilevitv2_050,pure,44,4,St Maarten Landing,0.2863340675830841
summe,mobilevitv2_050,pure,44,4,Uncut_Evening_Flight,0.27779829502105713
summe,mobilevitv2_050,pure,44,4,Valparaiso_Downhill,0.5675147175788879
summe,mobilevitv2_050,pure,44,4,playing_ball,0.5526881814002991
summe,mobilevitv2_050,pure,44,5,Cockpit_Landing,0.307751327753067
summe,mobilevitv2_050,pure,44,5,Cooking,0.5013477206230164
summe,mobilevitv2_050,pure,44,5,Fire Domino,0.6016597151756287
summe,mobilevitv2_050,pure,44,5,Paintball,0.5524926781654358
summe,mobilevitv2_050,pure,44,5,Statue of Liberty,0.4557406008243561
summe,mobilevitv2_050,surgery_only,42,1,Air_Force_One,0.6495468020439148
summe,mobilevitv2_050,surgery_only,42,1,Eiffel Tower,0.49292629957199097
summe,mobilevitv2_050,surgery_only,42,1,Jumps,0.40449437499046326
summe,mobilevitv2_050,surgery_only,42,1,Saving dolphines,0.30315154790878296
summe,mobilevitv2_050,surgery_only,42,1,paluma_jump,0.2844827473163605
summe,mobilevitv2_050,surgery_only,42,2,Base jumping,0.3286318778991699
summe,mobilevitv2_050,surgery_only,42,2,Car_railcrossing,0.21142369508743286
summe,mobilevitv2_050,surgery_only,42,2,Excavators river crossing,0.28274428844451904
summe,mobilevitv2_050,surgery_only,42,2,Notre_Dame,0.3641660511493683
summe,mobilevitv2_050,surgery_only,42,2,car_over_camera,0.6854625940322876
summe,mobilevitv2_050,surgery_only,42,3,Bearpark_climbing,0.36032387614250183
summe,mobilevitv2_050,surgery_only,42,3,Bike Polo,0.37775203585624695
summe,mobilevitv2_050,surgery_only,42,3,Bus_in_Rock_Tunnel,0.29712042212486267
summe,mobilevitv2_050,surgery_only,42,3,Kids_playing_in_leaves,0.3361884355545044
summe,mobilevitv2_050,surgery_only,42,3,Playing_on_water_slide,0.2860335111618042
summe,mobilevitv2_050,surgery_only,42,4,Scuba,0.5354331135749817
summe,mobilevitv2_050,surgery_only,42,4,St Maarten Landing,0.4165029525756836
summe,mobilevitv2_050,surgery_only,42,4,Uncut_Evening_Flight,0.25071224570274353
summe,mobilevitv2_050,surgery_only,42,4,Valparaiso_Downhill,0.27272728085517883
summe,mobilevitv2_050,surgery_only,42,4,playing_ball,0.5763440728187561
summe,mobilevitv2_050,surgery_only,42,5,Cockpit_Landing,0.4201813340187073
summe,mobilevitv2_050,surgery_only,42,5,Cooking,0.3380281627178192
summe,mobilevitv2_050,surgery_only,42,5,Fire Domino,0.6016597151756287
summe,mobilevitv2_050,surgery_only,42,5,Paintball,0.5508771538734436
summe,mobilevitv2_050,surgery_only,42,5,Statue of Liberty,0.6128183007240295
summe,mobilevitv2_050,surgery_only,43,1,Air_Force_One,0.5455938577651978
summe,mobilevitv2_050,surgery_only,43,1,Eiffel Tower,0.4871794879436493
summe,mobilevitv2_050,surgery_only,43,1,Jumps,0.40449437499046326
summe,mobilevitv2_050,surgery_only,43,1,Saving dolphines,0.30315154790878296
summe,mobilevitv2_050,surgery_only,43,1,paluma_jump,0.3099415600299835
summe,mobilevitv2_050,surgery_only,43,2,Base jumping,0.33073103427886963
summe,mobilevitv2_050,surgery_only,43,2,Car_railcrossing,0.3493150472640991
summe,mobilevitv2_050,surgery_only,43,2,Excavators river crossing,0.3871195614337921
summe,mobilevitv2_050,surgery_only,43,2,Notre_Dame,0.4792703092098236
summe,mobilevitv2_050,surgery_only,43,2,car_over_camera,0.6854625940322876
summe,mobilevitv2_050,surgery_only,43,3,Bearpark_climbing,0.3592330813407898
summe,mobilevitv2_050,surgery_only,43,3,Bike Polo,0.5834254622459412
summe,mobilevitv2_050,surgery_only,43,3,Bus_in_Rock_Tunnel,0.32107025384902954
summe,mobilevitv2_050,surgery_only,43,3,Kids_playing_in_leaves,0.3347547948360443
summe,mobilevitv2_050,surgery_only,43,3,Playing_on_water_slide,0.2860335111618042
summe,mobilevitv2_050,surgery_only,43,4,Scuba,0.5354331135749817
summe,mobilevitv2_050,surgery_only,43,4,St Maarten Landing,0.6077585816383362
summe,mobilevitv2_050,surgery_only,43,4,Uncut_Evening_Flight,0.278384804725647
summe,mobilevitv2_050,surgery_only,43,4,Valparaiso_Downhill,0.36083918809890747
summe,mobilevitv2_050,surgery_only,43,4,playing_ball,0.5763440728187561
summe,mobilevitv2_050,surgery_only,43,5,Cockpit_Landing,0.2922590970993042
summe,mobilevitv2_050,surgery_only,43,5,Cooking,0.5013477206230164
summe,mobilevitv2_050,surgery_only,43,5,Fire Domino,0.6016597151756287
summe,mobilevitv2_050,surgery_only,43,5,Paintball,0.7480916380882263
summe,mobilevitv2_050,surgery_only,43,5,Statue of Liberty,0.6128183007240295
summe,mobilevitv2_050,surgery_only,44,1,Air_Force_One,0.5996978878974915
summe,mobilevitv2_050,surgery_only,44,1,Eiffel Tower,0.5287670493125916
summe,mobilevitv2_050,surgery_only,44,1,Jumps,0.40449437499046326
summe,mobilevitv2_050,surgery_only,44,1,Saving dolphines,0.3026973009109497
summe,mobilevitv2_050,surgery_only,44,1,paluma_jump,0.3099415600299835
summe,mobilevitv2_050,surgery_only,44,2,Base jumping,0.33073103427886963
summe,mobilevitv2_050,surgery_only,44,2,Car_railcrossing,0.3493150472640991
summe,mobilevitv2_050,surgery_only,44,2,Excavators river crossing,0.368794322013855
summe,mobilevitv2_050,surgery_only,44,2,Notre_Dame,0.48653197288513184
summe,mobilevitv2_050,surgery_only,44,2,car_over_camera,0.6589404344558716
summe,mobilevitv2_050,surgery_only,44,3,Bearpark_climbing,0.3592330813407898
summe,mobilevitv2_050,surgery_only,44,3,Bike Polo,0.45930880308151245
summe,mobilevitv2_050,surgery_only,44,3,Bus_in_Rock_Tunnel,0.4617967903614044
summe,mobilevitv2_050,surgery_only,44,3,Kids_playing_in_leaves,0.5021458864212036
summe,mobilevitv2_050,surgery_only,44,3,Playing_on_water_slide,0.2860335111618042
summe,mobilevitv2_050,surgery_only,44,4,Scuba,0.5354331135749817
summe,mobilevitv2_050,surgery_only,44,4,St Maarten Landing,0.6077585816383362
summe,mobilevitv2_050,surgery_only,44,4,Uncut_Evening_Flight,0.2798471748828888
summe,mobilevitv2_050,surgery_only,44,4,Valparaiso_Downhill,0.36033523082733154
summe,mobilevitv2_050,surgery_only,44,4,playing_ball,0.5763440728187561
summe,mobilevitv2_050,surgery_only,44,5,Cockpit_Landing,0.33507463335990906
summe,mobilevitv2_050,surgery_only,44,5,Cooking,0.5013477206230164
summe,mobilevitv2_050,surgery_only,44,5,Fire Domino,0.6016597151756287
summe,mobilevitv2_050,surgery_only,44,5,Paintball,0.649704098701477
summe,mobilevitv2_050,surgery_only,44,5,Statue of Liberty,0.6171529293060303
summe,mobilevitv2_050,full_temporal,42,1,Air_Force_One,0.6495468020439148
summe,mobilevitv2_050,full_temporal,42,1,Eiffel Tower,0.48856088519096375
summe,mobilevitv2_050,full_temporal,42,1,Jumps,0.2666666805744171
summe,mobilevitv2_050,full_temporal,42,1,Saving dolphines,0.3026973009109497
summe,mobilevitv2_050,full_temporal,42,1,paluma_jump,0.4676056206226349
summe,mobilevitv2_050,full_temporal,42,2,Base jumping,0.37074586749076843
summe,mobilevitv2_050,full_temporal,42,2,Car_railcrossing,0.2101694941520691
summe,mobilevitv2_050,full_temporal,42,2,Excavators river crossing,0.3975946009159088
summe,mobilevitv2_050,full_temporal,42,2,Notre_Dame,0.30456849932670593
summe,mobilevitv2_050,full_temporal,42,2,car_over_camera,0.6167401075363159
summe,mobilevitv2_050,full_temporal,42,3,Bearpark_climbing,0.5358948707580566
summe,mobilevitv2_050,full_temporal,42,3,Bike Polo,0.2805872857570648
summe,mobilevitv2_050,full_temporal,42,3,Bus_in_Rock_Tunnel,0.3098958432674408
summe,mobilevitv2_050,full_temporal,42,3,Kids_playing_in_leaves,0.3369098901748657
summe,mobilevitv2_050,full_temporal,42,3,Playing_on_water_slide,0.34906697273254395
summe,mobilevitv2_050,full_temporal,42,4,Scuba,0.3348982632160187
summe,mobilevitv2_050,full_temporal,42,4,St Maarten Landing,0.5020747184753418
summe,mobilevitv2_050,full_temporal,42,4,Uncut_Evening_Flight,0.2143385112285614
summe,mobilevitv2_050,full_temporal,42,4,Valparaiso_Downhill,0.3765387237071991
summe,mobilevitv2_050,full_temporal,42,4,playing_ball,0.6887418031692505
summe,mobilevitv2_050,full_temporal,42,5,Cockpit_Landing,0.280269056558609
summe,mobilevitv2_050,full_temporal,42,5,Cooking,0.5690140724182129
summe,mobilevitv2_050,full_temporal,42,5,Fire Domino,0.6016597151756287
summe,mobilevitv2_050,full_temporal,42,5,Paintball,0.5524926781654358
summe,mobilevitv2_050,full_temporal,42,5,Statue of Liberty,0.3888888955116272
summe,mobilevitv2_050,full_temporal,43,1,Air_Force_One,0.5996978878974915
summe,mobilevitv2_050,full_temporal,43,1,Eiffel Tower,0.48856088519096375
summe,mobilevitv2_050,full_temporal,43,1,Jumps,0.40449437499046326
summe,mobilevitv2_050,full_temporal,43,1,Saving dolphines,0.2388974130153656
summe,mobilevitv2_050,full_temporal,43,1,paluma_jump,0.4676056206226349
summe,mobilevitv2_050,full_temporal,43,2,Base jumping,0.3024963140487671
summe,mobilevitv2_050,full_temporal,43,2,Car_railcrossing,0.2101694941520691
summe,mobilevitv2_050,full_temporal,43,2,Excavators river crossing,0.42640310525894165
summe,mobilevitv2_050,full_temporal,43,2,Notre_Dame,0.4098837673664093
summe,mobilevitv2_050,full_temporal,43,2,car_over_camera,0.5827956795692444
summe,mobilevitv2_050,full_temporal,43,3,Bearpark_climbing,0.4507042169570923
summe,mobilevitv2_050,full_temporal,43,3,Bike Polo,0.39211389422416687
summe,mobilevitv2_050,full_temporal,43,3,Bus_in_Rock_Tunnel,0.35500651597976685
summe,mobilevitv2_050,full_temporal,43,3,Kids_playing_in_leaves,0.3369098901748657
summe,mobilevitv2_050,full_temporal,43,3,Playing_on_water_slide,0.2860335111618042
summe,mobilevitv2_050,full_temporal,43,4,Scuba,0.3348982632160187
summe,mobilevitv2_050,full_temporal,43,4,St Maarten Landing,0.2863340675830841
summe,mobilevitv2_050,full_temporal,43,4,Uncut_Evening_Flight,0.27790096402168274
summe,mobilevitv2_050,full_temporal,43,4,Valparaiso_Downhill,0.3765387237071991
summe,mobilevitv2_050,full_temporal,43,4,playing_ball,0.5526881814002991
summe,mobilevitv2_050,full_temporal,43,5,Cockpit_Landing,0.2536475956439972
summe,mobilevitv2_050,full_temporal,43,5,Cooking,0.3380281627178192
summe,mobilevitv2_050,full_temporal,43,5,Fire Domino,0.6016597151756287
summe,mobilevitv2_050,full_temporal,43,5,Paintball,0.5524926781654358
summe,mobilevitv2_050,full_temporal,43,5,Statue of Liberty,0.3888888955116272
summe,mobilevitv2_050,full_temporal,44,1,Air_Force_One,0.5996978878974915
summe,mobilevitv2_050,full_temporal,44,1,Eiffel Tower,0.48856088519096375
summe,mobilevitv2_050,full_temporal,44,1,Jumps,0.2666666805744171
summe,mobilevitv2_050,full_temporal,44,1,Saving dolphines,0.2017982006072998
summe,mobilevitv2_050,full_temporal,44,1,paluma_jump,0.307692289352417
summe,mobilevitv2_050,full_temporal,44,2,Base jumping,0.2188405841588974
summe,mobilevitv2_050,full_temporal,44,2,Car_railcrossing,0.22709164023399353
summe,mobilevitv2_050,full_temporal,44,2,Excavators river crossing,0.37133780121803284
summe,mobilevitv2_050,full_temporal,44,2,Notre_Dame,0.45718538761138916
summe,mobilevitv2_050,full_temporal,44,2,car_over_camera,0.6167401075363159
summe,mobilevitv2_050,full_temporal,44,3,Bearpark_climbing,0.5358948707580566
summe,mobilevitv2_050,full_temporal,44,3,Bike Polo,0.28762540221214294
summe,mobilevitv2_050,full_temporal,44,3,Bus_in_Rock_Tunnel,0.2890933156013489
summe,mobilevitv2_050,full_temporal,44,3,Kids_playing_in_leaves,0.2294372320175171
summe,mobilevitv2_050,full_temporal,44,3,Playing_on_water_slide,0.2860335111618042
summe,mobilevitv2_050,full_temporal,44,4,Scuba,0.5354331135749817
summe,mobilevitv2_050,full_temporal,44,4,St Maarten Landing,0.3155818283557892
summe,mobilevitv2_050,full_temporal,44,4,Uncut_Evening_Flight,0.2566586136817932
summe,mobilevitv2_050,full_temporal,44,4,Valparaiso_Downhill,0.48891788721084595
summe,mobilevitv2_050,full_temporal,44,4,playing_ball,0.5526881814002991
summe,mobilevitv2_050,full_temporal,44,5,Cockpit_Landing,0.2916831076145172
summe,mobilevitv2_050,full_temporal,44,5,Cooking,0.3380281627178192
summe,mobilevitv2_050,full_temporal,44,5,Fire Domino,0.6016597151756287
summe,mobilevitv2_050,full_temporal,44,5,Paintball,0.5524926781654358
summe,mobilevitv2_050,full_temporal,44,5,Statue of Liberty,0.3888888955116272
summe,mobilevitv2_050,proposed,42,1,Air_Force_One,0.5125475525856018
summe,mobilevitv2_050,proposed,42,1,Eiffel Tower,0.6068965196609497
summe,mobilevitv2_050,proposed,42,1,Jumps,0.40449437499046326
summe,mobilevitv2_050,proposed,42,1,Saving dolphines,0.271099716424942
summe,mobilevitv2_050,proposed,42,1,paluma_jump,0.3099415600299835
summe,mobilevitv2_050,proposed,42,2,Base jumping,0.2610587477684021
summe,mobilevitv2_050,proposed,42,2,Car_railcrossing,0.3493150472640991
summe,mobilevitv2_050,proposed,42,2,Excavators river crossing,0.23646019399166107
summe,mobilevitv2_050,proposed,42,2,Notre_Dame,0.4792703092098236
summe,mobilevitv2_050,proposed,42,2,car_over_camera,0.5827956795692444
summe,mobilevitv2_050,proposed,42,3,Bearpark_climbing,0.3551609218120575
summe,mobilevitv2_050,proposed,42,3,Bike Polo,0.5436680912971497
summe,mobilevitv2_050,proposed,42,3,Bus_in_Rock_Tunnel,0.46296295523643494
summe,mobilevitv2_050,proposed,42,3,Kids_playing_in_leaves,0.5021458864212036
summe,mobilevitv2_050,proposed,42,3,Playing_on_water_slide,0.2860335111618042
summe,mobilevitv2_050,proposed,42,4,Scuba,0.5354331135749817
summe,mobilevitv2_050,proposed,42,4,St Maarten Landing,0.43673470616340637
summe,mobilevitv2_050,proposed,42,4,Uncut_Evening_Flight,0.21462488174438477
summe,mobilevitv2_050,proposed,42,4,Valparaiso_Downhill,0.3610917031764984
summe,mobilevitv2_050,proposed,42,4,playing_ball,0.5763440728187561
summe,mobilevitv2_050,proposed,42,5,Cockpit_Landing,0.46415841579437256
summe,mobilevitv2_050,proposed,42,5,Cooking,0.6129032373428345
summe,mobilevitv2_050,proposed,42,5,Fire Domino,0.6016597151756287
summe,mobilevitv2_050,proposed,42,5,Paintball,0.7108219861984253
summe,mobilevitv2_050,proposed,42,5,Statue of Liberty,0.335971862077713
summe,mobilevitv2_050,proposed,43,1,Air_Force_One,0.5996978878974915
summe,mobilevitv2_050,proposed,43,1,Eiffel Tower,0.42971885204315186
summe,mobilevitv2_050,proposed,43,1,Jumps,0.40449437499046326
summe,mobilevitv2_050,proposed,43,1,Saving dolphines,0.3026973009109497
summe,mobilevitv2_050,proposed,43,1,paluma_jump,0.3099415600299835
summe,mobilevitv2_050,proposed,43,2,Base jumping,0.1675017774105072
summe,mobilevitv2_050,proposed,43,2,Car_railcrossing,0.3493150472640991
summe,mobilevitv2_050,proposed,43,2,Excavators river crossing,0.3400925099849701
summe,mobilevitv2_050,proposed,43,2,Notre_Dame,0.4792703092098236
summe,mobilevitv2_050,proposed,43,2,car_over_camera,0.6344085931777954
summe,mobilevitv2_050,proposed,43,3,Bearpark_climbing,0.18816068768501282
summe,mobilevitv2_050,proposed,43,3,Bike Polo,0.5770492553710938
summe,mobilevitv2_050,proposed,43,3,Bus_in_Rock_Tunnel,0.4059857130050659
summe,mobilevitv2_050,proposed,43,3,Kids_playing_in_leaves,0.5021458864212036
summe,mobilevitv2_050,proposed,43,3,Playing_on_water_slide,0.2860335111618042
summe,mobilevitv2_050,proposed,43,4,Scuba,0.3071672320365906
summe,mobilevitv2_050,proposed,43,4,St Maarten Landing,0.4165029525756836
summe,mobilevitv2_050,proposed,43,4,Uncut_Evening_Flight,0.27825260162353516
summe,mobilevitv2_050,proposed,43,4,Valparaiso_Downhill,0.28018078207969666
summe,mobilevitv2_050,proposed,43,4,playing_ball,0.5763440728187561
summe,mobilevitv2_050,proposed,43,5,Cockpit_Landing,0.3193078935146332
summe,mobilevitv2_050,proposed,43,5,Cooking,0.5013477206230164
summe,mobilevitv2_050,proposed,43,5,Fire Domino,0.6016597151756287
summe,mobilevitv2_050,proposed,43,5,Paintball,0.7480916380882263
summe,mobilevitv2_050,proposed,43,5,Statue of Liberty,0.6171529293060303
summe,mobilevitv2_050,proposed,44,1,Air_Force_One,0.5996978878974915
summe,mobilevitv2_050,proposed,44,1,Eiffel Tower,0.5287670493125916
summe,mobilevitv2_050,proposed,44,1,Jumps,0.40449437499046326
summe,mobilevitv2_050,proposed,44,1,Saving dolphines,0.3026973009109497
summe,mobilevitv2_050,proposed,44,1,paluma_jump,0.2844827473163605
summe,mobilevitv2_050,proposed,44,2,Base jumping,0.33073103427886963
summe,mobilevitv2_050,proposed,44,2,Car_railcrossing,0.2663230299949646
summe,mobilevitv2_050,proposed,44,2,Excavators river crossing,0.31415459513664246
summe,mobilevitv2_050,proposed,44,2,Notre_Dame,0.4792703092098236
summe,mobilevitv2_050,proposed,44,2,car_over_camera,0.5827956795692444
summe,mobilevitv2_050,proposed,44,3,Bearpark_climbing,0.3636363446712494
summe,mobilevitv2_050,proposed,44,3,Bike Polo,0.45930880308151245
summe,mobilevitv2_050,proposed,44,3,Bus_in_Rock_Tunnel,0.33749181032180786
summe,mobilevitv2_050,proposed,44,3,Kids_playing_in_leaves,0.5021458864212036
summe,mobilevitv2_050,proposed,44,3,Playing_on_water_slide,0.2860335111618042
summe,mobilevitv2_050,proposed,44,4,Scuba,0.5167286396026611
summe,mobilevitv2_050,proposed,44,4,St Maarten Landing,0.4165029525756836
summe,mobilevitv2_050,proposed,44,4,Uncut_Evening_Flight,0.31669044494628906
summe,mobilevitv2_050,proposed,44,4,Valparaiso_Downhill,0.36033523082733154
summe,mobilevitv2_050,proposed,44,4,playing_ball,0.5763440728187561
summe,mobilevitv2_050,proposed,44,5,Cockpit_Landing,0.3685191869735718
summe,mobilevitv2_050,proposed,44,5,Cooking,0.5013477206230164
summe,mobilevitv2_050,proposed,44,5,Fire Domino,0.6016597151756287
summe,mobilevitv2_050,proposed,44,5,Paintball,0.5524926781654358
summe,mobilevitv2_050,proposed,44,5,Statue of Liberty,0.6171529293060303
summe,mobilevit_xxs,pure,42,1,Air_Force_One,0.5996978878974915
summe,mobilevit_xxs,pure,42,1,Eiffel Tower,0.45967739820480347
summe,mobilevit_xxs,pure,42,1,Jumps,0.0
summe,mobilevit_xxs,pure,42,1,Saving dolphines,0.30284857749938965
summe,mobilevit_xxs,pure,42,1,paluma_jump,0.27769988775253296
summe,mobilevit_xxs,pure,42,2,Base jumping,0.30051055550575256
summe,mobilevit_xxs,pure,42,2,Car_railcrossing,0.29534727334976196
summe,mobilevit_xxs,pure,42,2,Excavators river crossing,0.28303852677345276
summe,mobilevit_xxs,pure,42,2,Notre_Dame,0.36332476139068604
summe,mobilevit_xxs,pure,42,2,car_over_camera,0.6744731068611145
summe,mobilevit_xxs,pure,42,3,Bearpark_climbing,0.3696969449520111
summe,mobilevit_xxs,pure,42,3,Bike Polo,0.39558011293411255
summe,mobilevit_xxs,pure,42,3,Bus_in_Rock_Tunnel,0.4742670953273773
summe,mobilevit_xxs,pure,42,3,Kids_playing_in_leaves,0.2905982732772827
summe,mobilevit_xxs,pure,42,3,Playing_on_water_slide,0.34906697273254395
summe,mobilevit_xxs,pure,42,4,Scuba,0.5354331135749817
summe,mobilevit_xxs,pure,42,4,St Maarten Landing,0.29203540086746216
summe,mobilevit_xxs,pure,42,4,Uncut_Evening_Flight,0.3457176387310028
summe,mobilevit_xxs,pure,42,4,Valparaiso_Downhill,0.27414774894714355
summe,mobilevit_xxs,pure,42,4,playing_ball,0.5593035817146301
summe,mobilevit_xxs,pure,42,5,Cockpit_Landing,0.30448466539382935
summe,mobilevit_xxs,pure,42,5,Cooking,0.614555299282074
summe,mobilevit_xxs,pure,42,5,Fire Domino,0.6016597151756287
summe,mobilevit_xxs,pure,42,5,Paintball,0.5524926781654358
summe,mobilevit_xxs,pure,42,5,Statue of Liberty,0.5736704468727112
summe,mobilevit_xxs,pure,43,1,Air_Force_One,0.6495468020439148
summe,mobilevit_xxs,pure,43,1,Eiffel Tower,0.49129852652549744
summe,mobilevit_xxs,pure,43,1,Jumps,0.40449437499046326
summe,mobilevit_xxs,pure,43,1,Saving dolphines,0.22857144474983215
summe,mobilevit_xxs,pure,43,1,paluma_jump,0.27769988775253296
summe,mobilevit_xxs,pure,43,2,Base jumping,0.272197961807251
summe,mobilevit_xxs,pure,43,2,Car_railcrossing,0.34664401412010193
summe,mobilevit_xxs,pure,43,2,Excavators river crossing,0.316272497177124
summe,mobilevit_xxs,pure,43,2,Notre_Dame,0.3580980896949768
summe,mobilevit_xxs,pure,43,2,car_over_camera,0.6854625940322876
summe,mobilevit_xxs,pure,43,3,Bearpark_climbing,0.8012357950210571
summe,mobilevit_xxs,pure,43,3,Bike Polo,0.49708279967308044
summe,mobilevit_xxs,pure,43,3,Bus_in_Rock_Tunnel,0.4010485112667084
summe,mobilevit_xxs,pure,43,3,Kids_playing_in_leaves,0.219590961933136
summe,mobilevit_xxs,pure,43,3,Playing_on_water_slide,0.2860335111618042
summe,mobilevit_xxs,pure,43,4,Scuba,0.6746031641960144
summe,mobilevit_xxs,pure,43,4,St Maarten Landing,0.2863340675830841
summe,mobilevit_xxs,pure,43,4,Uncut_Evening_Flight,0.27779829502105713
summe,mobilevit_xxs,pure,43,4,Valparaiso_Downhill,0.40362223982810974
summe,mobilevit_xxs,pure,43,4,playing_ball,0.6887418031692505
summe,mobilevit_xxs,pure,43,5,Cockpit_Landing,0.4191899299621582
summe,mobilevit_xxs,pure,43,5,Cooking,0.6129032373428345
summe,mobilevit_xxs,pure,43,5,Fire Domino,0.6016597151756287
summe,mobilevit_xxs,pure,43,5,Paintball,0.5508771538734436
summe,mobilevit_xxs,pure,43,5,Statue of Liberty,0.5736704468727112
summe,mobilevit_xxs,pure,44,1,Air_Force_One,0.6495468020439148
summe,mobilevit_xxs,pure,44,1,Eiffel Tower,0.44542771577835083
summe,mobilevit_xxs,pure,44,1,Jumps,0.40449437499046326
summe,mobilevit_xxs,pure,44,1,Saving dolphines,0.4326823949813843
summe,mobilevit_xxs,pure,44,1,paluma_jump,0.2670226991176605
summe,mobilevit_xxs,pure,44,2,Base jumping,0.24631267786026
summe,mobilevit_xxs,pure,44,2,Car_railcrossing,0.22779661417007446
summe,mobilevit_xxs,pure,44,2,Excavators river crossing,0.3439490497112274
summe,mobilevit_xxs,pure,44,2,Notre_Dame,0.5425454378128052
summe,mobilevit_xxs,pure,44,2,car_over_camera,0.6854625940322876
summe,mobilevit_xxs,pure,44,3,Bearpark_climbing,0.6930091381072998
summe,mobilevit_xxs,pure,44,3,Bike Polo,0.35729843378067017
summe,mobilevit_xxs,pure,44,3,Bus_in_Rock_Tunnel,0.3422599732875824
summe,mobilevit_xxs,pure,44,3,Kids_playing_in_leaves,0.3369098901748657
summe,mobilevit_xxs,pure,44,3,Playing_on_water_slide,0.2860335111618042
summe,mobilevit_xxs,pure,44,4,Scuba,0.35916826128959656
summe,mobilevit_xxs,pure,44,4,St Maarten Landing,0.2863340675830841
summe,mobilevit_xxs,pure,44,4,Uncut_Evening_Flight,0.13674496114253998
summe,mobilevit_xxs,pure,44,4,Valparaiso_Downhill,0.3509485125541687
summe,mobilevit_xxs,pure,44,4,playing_ball,0.6887418031692505
summe,mobilevit_xxs,pure,44,5,Cockpit_Landing,0.2998027801513672
summe,mobilevit_xxs,pure,44,5,Cooking,0.3380281627178192
summe,mobilevit_xxs,pure,44,5,Fire Domino,0.6016597151756287
summe,mobilevit_xxs,pure,44,5,Paintball,0.649704098701477
summe,mobilevit_xxs,pure,44,5,Statue of Liberty,0.46315792202949524
summe,mobilevit_xxs,surgery_only,42,1,Air_Force_One,0.5996978878974915
summe,mobilevit_xxs,surgery_only,42,1,Eiffel Tower,0.4247787594795227
summe,mobilevit_xxs,surgery_only,42,1,Jumps,0.0
summe,mobilevit_xxs,surgery_only,42,1,Saving dolphines,0.4519999921321869
summe,mobilevit_xxs,surgery_only,42,1,paluma_jump,0.2380300909280777
summe,mobilevit_xxs,surgery_only,42,2,Base jumping,0.2871357798576355
summe,mobilevit_xxs,surgery_only,42,2,Car_railcrossing,0.2101694941520691
summe,mobilevit_xxs,surgery_only,42,2,Excavators river crossing,0.37725183367729187
summe,mobilevit_xxs,surgery_only,42,2,Notre_Dame,0.2338235229253769
summe,mobilevit_xxs,surgery_only,42,2,car_over_camera,0.6535742282867432
summe,mobilevit_xxs,surgery_only,42,3,Bearpark_climbing,0.34879031777381897
summe,mobilevit_xxs,surgery_only,42,3,Bike Polo,0.48283496499061584
summe,mobilevit_xxs,surgery_only,42,3,Bus_in_Rock_Tunnel,0.4602510333061218
summe,mobilevit_xxs,surgery_only,42,3,Kids_playing_in_leaves,0.3361884355545044
summe,mobilevit_xxs,surgery_only,42,3,Playing_on_water_slide,0.4610092043876648
summe,mobilevit_xxs,surgery_only,42,4,Scuba,0.43868741393089294
summe,mobilevit_xxs,surgery_only,42,4,St Maarten Landing,0.4165029525756836
summe,mobilevit_xxs,surgery_only,42,4,Uncut_Evening_Flight,0.2377476543188095
summe,mobilevit_xxs,surgery_only,42,4,Valparaiso_Downhill,0.5320261716842651
summe,mobilevit_xxs,surgery_only,42,4,playing_ball,0.5763440728187561
summe,mobilevit_xxs,surgery_only,42,5,Cockpit_Landing,0.3477935791015625
summe,mobilevit_xxs,surgery_only,42,5,Cooking,0.3380281627178192
summe,mobilevit_xxs,surgery_only,42,5,Fire Domino,0.6341463923454285
summe,mobilevit_xxs,surgery_only,42,5,Paintball,0.5508771538734436
summe,mobilevit_xxs,surgery_only,42,5,Statue of Liberty,0.5736704468727112
summe,mobilevit_xxs,surgery_only,43,1,Air_Force_One,0.6495468020439148
summe,mobilevit_xxs,surgery_only,43,1,Eiffel Tower,0.32505035400390625
summe,mobilevit_xxs,surgery_only,43,1,Jumps,0.0
summe,mobilevit_xxs,surgery_only,43,1,Saving dolphines,0.5813360214233398
summe,mobilevit_xxs,surgery_only,43,1,paluma_jump,0.2844827473163605
summe,mobilevit_xxs,surgery_only,43,2,Base jumping,0.29876720905303955
summe,mobilevit_xxs,surgery_only,43,2,Car_railcrossing,0.2101694941520691
summe,mobilevit_xxs,surgery_only,43,2,Excavators river crossing,0.20351846516132355
summe,mobilevit_xxs,surgery_only,43,2,Notre_Dame,0.4792703092098236
summe,mobilevit_xxs,surgery_only,43,2,car_over_camera,0.6562241911888123
summe,mobilevit_xxs,surgery_only,43,3,Bearpark_climbing,0.34879031777381897
summe,mobilevit_xxs,surgery_only,43,3,Bike Polo,0.6229143738746643
summe,mobilevit_xxs,surgery_only,43,3,Bus_in_Rock_Tunnel,0.3344537913799286
summe,mobilevit_xxs,surgery_only,43,3,Kids_playing_in_leaves,0.3347547948360443
summe,mobilevit_xxs,surgery_only,43,3,Playing_on_water_slide,0.2860335111618042
summe,mobilevit_xxs,surgery_only,43,4,Scuba,0.4459459185600281
summe,mobilevit_xxs,surgery_only,43,4,St Maarten Landing,0.6077585816383362
summe,mobilevit_xxs,surgery_only,43,4,Uncut_Evening_Flight,0.27779829502105713
summe,mobilevit_xxs,surgery_only,43,4,Valparaiso_Downhill,0.46657928824424744
summe,mobilevit_xxs,surgery_only,43,4,playing_ball,0.7456895709037781
summe,mobilevit_xxs,surgery_only,43,5,Cockpit_Landing,0.26025351881980896
summe,mobilevit_xxs,surgery_only,43,5,Cooking,0.3380281627178192
summe,mobilevit_xxs,surgery_only,43,5,Fire Domino,0.6016597151756287
summe,mobilevit_xxs,surgery_only,43,5,Paintball,0.5508771538734436
summe,mobilevit_xxs,surgery_only,43,5,Statue of Liberty,0.4856114983558655
summe,mobilevit_xxs,surgery_only,44,1,Air_Force_One,0.6495468020439148
summe,mobilevit_xxs,surgery_only,44,1,Eiffel Tower,0.6090342998504639
summe,mobilevit_xxs,surgery_only,44,1,Jumps,0.0
summe,mobilevit_xxs,surgery_only,44,1,Saving dolphines,0.454728364944458
summe,mobilevit_xxs,surgery_only,44,1,paluma_jump,0.2380300909280777
summe,mobilevit_xxs,surgery_only,44,2,Base jumping,0.37290605902671814
summe,mobilevit_xxs,surgery_only,44,2,Car_railcrossing,0.3490162491798401
summe,mobilevit_xxs,surgery_only,44,2,Excavators river crossing,0.25238603353500366
summe,mobilevit_xxs,surgery_only,44,2,Notre_Dame,0.3036876320838928
summe,mobilevit_xxs,surgery_only,44,2,car_over_camera,0.6562241911888123
summe,mobilevit_xxs,surgery_only,44,3,Bearpark_climbing,0.34879031777381897
summe,mobilevit_xxs,surgery_only,44,3,Bike Polo,0.4301552176475525
summe,mobilevit_xxs,surgery_only,44,3,Bus_in_Rock_Tunnel,0.2975098490715027
summe,mobilevit_xxs,surgery_only,44,3,Kids_playing_in_leaves,0.2068965584039688
summe,mobilevit_xxs,surgery_only,44,3,Playing_on_water_slide,0.28285080194473267
summe,mobilevit_xxs,surgery_only,44,4,Scuba,0.29661014676094055
summe,mobilevit_xxs,surgery_only,44,4,St Maarten Landing,0.29203540086746216
summe,mobilevit_xxs,surgery_only,44,4,Uncut_Evening_Flight,0.3691880404949188
summe,mobilevit_xxs,surgery_only,44,4,Valparaiso_Downhill,0.3253856897354126
summe,mobilevit_xxs,surgery_only,44,4,playing_ball,0.5763440728187561
summe,mobilevit_xxs,surgery_only,44,5,Cockpit_Landing,0.3448818624019623
summe,mobilevit_xxs,surgery_only,44,5,Cooking,0.3380281627178192
summe,mobilevit_xxs,surgery_only,44,5,Fire Domino,0.6016597151756287
summe,mobilevit_xxs,surgery_only,44,5,Paintball,0.5508771538734436
summe,mobilevit_xxs,surgery_only,44,5,Statue of Liberty,0.6171529293060303
summe,mobilevit_xxs,full_temporal,42,1,Air_Force_One,0.6495468020439148
summe,mobilevit_xxs,full_temporal,42,1,Eiffel Tower,0.5575221180915833
summe,mobilevit_xxs,full_temporal,42,1,Jumps,0.40449437499046326
summe,mobilevit_xxs,full_temporal,42,1,Saving dolphines,0.3046756982803345
summe,mobilevit_xxs,full_temporal,42,1,paluma_jump,0.307692289352417
summe,mobilevit_xxs,full_temporal,42,2,Base jumping,0.4016853868961334
summe,mobilevit_xxs,full_temporal,42,2,Car_railcrossing,0.2916111648082733
summe,mobilevit_xxs,full_temporal,42,2,Excavators river crossing,0.37392792105674744
summe,mobilevit_xxs,full_temporal,42,2,Notre_Dame,0.41107872128486633
summe,mobilevit_xxs,full_temporal,42,2,car_over_camera,0.5827956795692444
summe,mobilevit_xxs,full_temporal,42,3,Bearpark_climbing,0.8012357950210571
summe,mobilevit_xxs,full_temporal,42,3,Bike Polo,0.2805872857570648
summe,mobilevit_xxs,full_temporal,42,3,Bus_in_Rock_Tunnel,0.3098958432674408
summe,mobilevit_xxs,full_temporal,42,3,Kids_playing_in_leaves,0.2294372320175171
summe,mobilevit_xxs,full_temporal,42,3,Playing_on_water_slide,0.347252756357193
summe,mobilevit_xxs,full_temporal,42,4,Scuba,0.3348982632160187
summe,mobilevit_xxs,full_temporal,42,4,St Maarten Landing,0.5020747184753418
summe,mobilevit_xxs,full_temporal,42,4,Uncut_Evening_Flight,0.21811461448669434
summe,mobilevit_xxs,full_temporal,42,4,Valparaiso_Downhill,0.5173745155334473
summe,mobilevit_xxs,full_temporal,42,4,playing_ball,0.5949506163597107
summe,mobilevit_xxs,full_temporal,42,5,Cockpit_Landing,0.5159763693809509
summe,mobilevit_xxs,full_temporal,42,5,Cooking,0.3380281627178192
summe,mobilevit_xxs,full_temporal,42,5,Fire Domino,0.6341463923454285
summe,mobilevit_xxs,full_temporal,42,5,Paintball,0.649704098701477
summe,mobilevit_xxs,full_temporal,42,5,Statue of Liberty,0.4349827468395233
summe,mobilevit_xxs,full_temporal,43,1,Air_Force_One,0.6495468020439148
summe,mobilevit_xxs,full_temporal,43,1,Eiffel Tower,0.6315077543258667
summe,mobilevit_xxs,full_temporal,43,1,Jumps,0.40449437499046326
summe,mobilevit_xxs,full_temporal,43,1,Saving dolphines,0.3534218668937683
summe,mobilevit_xxs,full_temporal,43,1,paluma_jump,0.2844827473163605
summe,mobilevit_xxs,full_temporal,43,2,Base jumping,0.26581379771232605
summe,mobilevit_xxs,full_temporal,43,2,Car_railcrossing,0.2101694941520691
summe,mobilevit_xxs,full_temporal,43,2,Excavators river crossing,0.3217839002609253
summe,mobilevit_xxs,full_temporal,43,2,Notre_Dame,0.40869563817977905
summe,mobilevit_xxs,full_temporal,43,2,car_over_camera,0.5827956795692444
summe,mobilevit_xxs,full_temporal,43,3,Bearpark_climbing,0.6982845664024353
summe,mobilevit_xxs,full_temporal,43,3,Bike Polo,0.40134528279304504
summe,mobilevit_xxs,full_temporal,43,3,Bus_in_Rock_Tunnel,0.44429439306259155
summe,mobilevit_xxs,full_temporal,43,3,Kids_playing_in_leaves,0.2068965584039688
summe,mobilevit_xxs,full_temporal,43,3,Playing_on_water_slide,0.3278237283229828
summe,mobilevit_xxs,full_temporal,43,4,Scuba,0.3348982632160187
summe,mobilevit_xxs,full_temporal,43,4,St Maarten Landing,0.2863340675830841
summe,mobilevit_xxs,full_temporal,43,4,Uncut_Evening_Flight,0.29576796293258667
summe,mobilevit_xxs,full_temporal,43,4,Valparaiso_Downhill,0.5811518430709839
summe,mobilevit_xxs,full_temporal,43,4,playing_ball,0.5227020978927612
summe,mobilevit_xxs,full_temporal,43,5,Cockpit_Landing,0.4710516035556793
summe,mobilevit_xxs,full_temporal,43,5,Cooking,0.3380281627178192
summe,mobilevit_xxs,full_temporal,43,5,Fire Domino,0.7077624797821045
summe,mobilevit_xxs,full_temporal,43,5,Paintball,0.649704098701477
summe,mobilevit_xxs,full_temporal,43,5,Statue of Liberty,0.2706913650035858
summe,mobilevit_xxs,full_temporal,44,1,Air_Force_One,0.6495468020439148
summe,mobilevit_xxs,full_temporal,44,1,Eiffel Tower,0.5929918885231018
summe,mobilevit_xxs,full_temporal,44,1,Jumps,0.40449437499046326
summe,mobilevit_xxs,full_temporal,44,1,Saving dolphines,0.16573461890220642
summe,mobilevit_xxs,full_temporal,44,1,paluma_jump,0.2844827473163605
summe,mobilevit_xxs,full_temporal,44,2,Base jumping,0.22175438702106476
summe,mobilevit_xxs,full_temporal,44,2,Car_railcrossing,0.291223406791687
summe,mobilevit_xxs,full_temporal,44,2,Excavators river crossing,0.37133780121803284
summe,mobilevit_xxs,full_temporal,44,2,Notre_Dame,0.4119795560836792
summe,mobilevit_xxs,full_temporal,44,2,car_over_camera,0.73209547996521
summe,mobilevit_xxs,full_temporal,44,3,Bearpark_climbing,0.8012357950210571
summe,mobilevit_xxs,full_temporal,44,3,Bike Polo,0.6209302544593811
summe,mobilevit_xxs,full_temporal,44,3,Bus_in_Rock_Tunnel,0.25506865978240967
summe,mobilevit_xxs,full_temporal,44,3,Kids_playing_in_leaves,0.290909081697464
summe,mobilevit_xxs,full_temporal,44,3,Playing_on_water_slide,0.33663368225097656
summe,mobilevit_xxs,full_temporal,44,4,Scuba,0.3384615182876587
summe,mobilevit_xxs,full_temporal,44,4,St Maarten Landing,0.2863340675830841
summe,mobilevit_xxs,full_temporal,44,4,Uncut_Evening_Flight,0.2806870639324188
summe,mobilevit_xxs,full_temporal,44,4,Valparaiso_Downhill,0.33499646186828613
summe,mobilevit_xxs,full_temporal,44,4,playing_ball,0.5526881814002991
summe,mobilevit_xxs,full_temporal,44,5,Cockpit_Landing,0.29214373230934143
summe,mobilevit_xxs,full_temporal,44,5,Cooking,0.3380281627178192
summe,mobilevit_xxs,full_temporal,44,5,Fire Domino,0.6016597151756287
summe,mobilevit_xxs,full_temporal,44,5,Paintball,0.649704098701477
summe,mobilevit_xxs,full_temporal,44,5,Statue of Liberty,0.3888888955116272
summe,mobilevit_xxs,proposed,42,1,Air_Force_One,0.5996978878974915
summe,mobilevit_xxs,proposed,42,1,Eiffel Tower,0.48856088519096375
summe,mobilevit_xxs,proposed,42,1,Jumps,0.0
summe,mobilevit_xxs,proposed,42,1,Saving dolphines,0.28026115894317627
summe,mobilevit_xxs,proposed,42,1,paluma_jump,0.2844827473163605
summe,mobilevit_xxs,proposed,42,2,Base jumping,0.37074586749076843
summe,mobilevit_xxs,proposed,42,2,Car_railcrossing,0.2101694941520691
summe,mobilevit_xxs,proposed,42,2,Excavators river crossing,0.2711864709854126
summe,mobilevit_xxs,proposed,42,2,Notre_Dame,0.37636762857437134
summe,mobilevit_xxs,proposed,42,2,car_over_camera,0.5716463327407837
summe,mobilevit_xxs,proposed,42,3,Bearpark_climbing,0.34879031777381897
summe,mobilevit_xxs,proposed,42,3,Bike Polo,0.39211389422416687
summe,mobilevit_xxs,proposed,42,3,Bus_in_Rock_Tunnel,0.4010485112667084
summe,mobilevit_xxs,proposed,42,3,Kids_playing_in_leaves,0.5026853084564209
summe,mobilevit_xxs,proposed,42,3,Playing_on_water_slide,0.33663368225097656
summe,mobilevit_xxs,proposed,42,4,Scuba,0.3384615182876587
summe,mobilevit_xxs,proposed,42,4,St Maarten Landing,0.2863340675830841
summe,mobilevit_xxs,proposed,42,4,Uncut_Evening_Flight,0.27810654044151306
summe,mobilevit_xxs,proposed,42,4,Valparaiso_Downhill,0.3297179937362671
summe,mobilevit_xxs,proposed,42,4,playing_ball,0.5526881814002991
summe,mobilevit_xxs,proposed,42,5,Cockpit_Landing,0.3075650930404663
summe,mobilevit_xxs,proposed,42,5,Cooking,0.3380281627178192
summe,mobilevit_xxs,proposed,42,5,Fire Domino,0.6016597151756287
summe,mobilevit_xxs,proposed,42,5,Paintball,0.5524926781654358
summe,mobilevit_xxs,proposed,42,5,Statue of Liberty,0.3888888955116272
summe,mobilevit_xxs,proposed,43,1,Air_Force_One,0.6495468020439148
summe,mobilevit_xxs,proposed,43,1,Eiffel Tower,0.4852507412433624
summe,mobilevit_xxs,proposed,43,1,Jumps,0.0
summe,mobilevit_xxs,proposed,43,1,Saving dolphines,0.238653764128685
summe,mobilevit_xxs,proposed,43,1,paluma_jump,0.46498599648475647
summe,mobilevit_xxs,proposed,43,2,Base jumping,0.2188405841588974
summe,mobilevit_xxs,proposed,43,2,Car_railcrossing,0.2101694941520691
summe,mobilevit_xxs,proposed,43,2,Excavators river crossing,0.2817796766757965
summe,mobilevit_xxs,proposed,43,2,Notre_Dame,0.40928885340690613
summe,mobilevit_xxs,proposed,43,2,car_over_camera,0.73209547996521
summe,mobilevit_xxs,proposed,43,3,Bearpark_climbing,0.44979920983314514
summe,mobilevit_xxs,proposed,43,3,Bike Polo,0.47807013988494873
summe,mobilevit_xxs,proposed,43,3,Bus_in_Rock_Tunnel,0.38297873735427856
summe,mobilevit_xxs,proposed,43,3,Kids_playing_in_leaves,0.3347547948360443
summe,mobilevit_xxs,proposed,43,3,Playing_on_water_slide,0.33663368225097656
summe,mobilevit_xxs,proposed,43,4,Scuba,0.35916826128959656
summe,mobilevit_xxs,proposed,43,4,St Maarten Landing,0.2863340675830841
summe,mobilevit_xxs,proposed,43,4,Uncut_Evening_Flight,0.17388087511062622
summe,mobilevit_xxs,proposed,43,4,Valparaiso_Downhill,0.5321100950241089
summe,mobilevit_xxs,proposed,43,4,playing_ball,0.7774086594581604
summe,mobilevit_xxs,proposed,43,5,Cockpit_Landing,0.29156818985939026
summe,mobilevit_xxs,proposed,43,5,Cooking,0.3380281627178192
summe,mobilevit_xxs,proposed,43,5,Fire Domino,0.6016597151756287
summe,mobilevit_xxs,proposed,43,5,Paintball,0.5524926781654358
summe,mobilevit_xxs,proposed,43,5,Statue of Liberty,0.3888888955116272
summe,mobilevit_xxs,proposed,44,1,Air_Force_One,0.6495468020439148
summe,mobilevit_xxs,proposed,44,1,Eiffel Tower,0.4921933114528656
summe,mobilevit_xxs,proposed,44,1,Jumps,0.0
summe,mobilevit_xxs,proposed,44,1,Saving dolphines,0.3026973009109497
summe,mobilevit_xxs,proposed,44,1,paluma_jump,0.3099415600299835
summe,mobilevit_xxs,proposed,44,2,Base jumping,0.37074586749076843
summe,mobilevit_xxs,proposed,44,2,Car_railcrossing,0.3496144115924835
summe,mobilevit_xxs,proposed,44,2,Excavators river crossing,0.3020870089530945
summe,mobilevit_xxs,proposed,44,2,Notre_Dame,0.2716049253940582
summe,mobilevit_xxs,proposed,44,2,car_over_camera,0.6854625940322876
summe,mobilevit_xxs,proposed,44,3,Bearpark_climbing,0.5358948707580566
summe,mobilevit_xxs,proposed,44,3,Bike Polo,0.28762540221214294
summe,mobilevit_xxs,proposed,44,3,Bus_in_Rock_Tunnel,0.4010485112667084
summe,mobilevit_xxs,proposed,44,3,Kids_playing_in_leaves,0.3369098901748657
summe,mobilevit_xxs,proposed,44,3,Playing_on_water_slide,0.43934425711631775
summe,mobilevit_xxs,proposed,44,4,Scuba,0.29661014676094055
summe,mobilevit_xxs,proposed,44,4,St Maarten Landing,0.4165029525756836
summe,mobilevit_xxs,proposed,44,4,Uncut_Evening_Flight,0.27790096402168274
summe,mobilevit_xxs,proposed,44,4,Valparaiso_Downhill,0.41477641463279724
summe,mobilevit_xxs,proposed,44,4,playing_ball,0.7774086594581604
summe,mobilevit_xxs,proposed,44,5,Cockpit_Landing,0.24535316228866577
summe,mobilevit_xxs,proposed,44,5,Cooking,0.3380281627178192
summe,mobilevit_xxs,proposed,44,5,Fire Domino,0.6016597151756287
summe,mobilevit_xxs,proposed,44,5,Paintball,0.649704098701477
summe,mobilevit_xxs,proposed,44,5,Statue of Liberty,0.3888888955116272
summe,mobilenetv3_small_100,pure,42,1,Air_Force_One,0.6495468020439148
summe,mobilenetv3_small_100,pure,42,1,Eiffel Tower,0.5742971897125244
summe,mobilenetv3_small_100,pure,42,1,Jumps,0.2666666805744171
summe,mobilenetv3_small_100,pure,42,1,Saving dolphines,0.2388974130153656
summe,mobilenetv3_small_100,pure,42,1,paluma_jump,0.46498599648475647
summe,mobilenetv3_small_100,pure,42,2,Base jumping,0.3726346492767334
summe,mobilenetv3_small_100,pure,42,2,Car_railcrossing,0.12722647190093994
summe,mobilenetv3_small_100,pure,42,2,Excavators river crossing,0.27697595953941345
summe,mobilenetv3_small_100,pure,42,2,Notre_Dame,0.38911789655685425
summe,mobilenetv3_small_100,pure,42,2,car_over_camera,0.6167401075363159
summe,mobilenetv3_small_100,pure,42,3,Bearpark_climbing,0.34879031777381897
summe,mobilenetv3_small_100,pure,42,3,Bike Polo,0.48283496499061584
summe,mobilenetv3_small_100,pure,42,3,Bus_in_Rock_Tunnel,0.3584277331829071
summe,mobilenetv3_small_100,pure,42,3,Kids_playing_in_leaves,0.2068965584039688
summe,mobilenetv3_small_100,pure,42,3,Playing_on_water_slide,0.31903189420700073
summe,mobilenetv3_small_100,pure,42,4,Scuba,0.6021840572357178
summe,mobilenetv3_small_100,pure,42,4,St Maarten Landing,0.29203540086746216
summe,mobilenetv3_small_100,pure,42,4,Uncut_Evening_Flight,0.38566678762435913
summe,mobilenetv3_small_100,pure,42,4,Valparaiso_Downhill,0.31606215238571167
summe,mobilenetv3_small_100,pure,42,4,playing_ball,0.495071142911911
summe,mobilenetv3_small_100,pure,42,5,Cockpit_Landing,0.3107788860797882
summe,mobilenetv3_small_100,pure,42,5,Cooking,0.49444445967674255
summe,mobilenetv3_small_100,pure,42,5,Fire Domino,0.6016597151756287
summe,mobilenetv3_small_100,pure,42,5,Paintball,0.6069534420967102
summe,mobilenetv3_small_100,pure,42,5,Statue of Liberty,0.5736704468727112
summe,mobilenetv3_small_100,pure,43,1,Air_Force_One,0.6495468020439148
summe,mobilenetv3_small_100,pure,43,1,Eiffel Tower,0.49129852652549744
summe,mobilenetv3_small_100,pure,43,1,Jumps,0.2666666805744171
summe,mobilenetv3_small_100,pure,43,1,Saving dolphines,0.23003514111042023
summe,mobilenetv3_small_100,pure,43,1,paluma_jump,0.2983870804309845
summe,mobilenetv3_small_100,pure,43,2,Base jumping,0.2879883944988251
summe,mobilenetv3_small_100,pure,43,2,Car_railcrossing,0.29458388686180115
summe,mobilenetv3_small_100,pure,43,2,Excavators river crossing,0.37077876925468445
summe,mobilenetv3_small_100,pure,43,2,Notre_Dame,0.5394070148468018
summe,mobilenetv3_small_100,pure,43,2,car_over_camera,0.6672443747520447
summe,mobilenetv3_small_100,pure,43,3,Bearpark_climbing,0.34879031777381897
summe,mobilenetv3_small_100,pure,43,3,Bike Polo,0.5105882883071899
summe,mobilenetv3_small_100,pure,43,3,Bus_in_Rock_Tunnel,0.36315441131591797
summe,mobilenetv3_small_100,pure,43,3,Kids_playing_in_leaves,0.2912205457687378
summe,mobilenetv3_small_100,pure,43,3,Playing_on_water_slide,0.4610092043876648
summe,mobilenetv3_small_100,pure,43,4,Scuba,0.43868741393089294
summe,mobilenetv3_small_100,pure,43,4,St Maarten Landing,0.29203540086746216
summe,mobilenetv3_small_100,pure,43,4,Uncut_Evening_Flight,0.48426353931427
summe,mobilenetv3_small_100,pure,43,4,Valparaiso_Downhill,0.4815303385257721
summe,mobilenetv3_small_100,pure,43,4,playing_ball,0.49167728424072266
summe,mobilenetv3_small_100,pure,43,5,Cockpit_Landing,0.4083769619464874
summe,mobilenetv3_small_100,pure,43,5,Cooking,0.49444445967674255
summe,mobilenetv3_small_100,pure,43,5,Fire Domino,0.6016597151756287
summe,mobilenetv3_small_100,pure,43,5,Paintball,0.756981611251831
summe,mobilenetv3_small_100,pure,43,5,Statue of Liberty,0.6171529293060303
summe,mobilenetv3_small_100,pure,44,1,Air_Force_One,0.6495468020439148
summe,mobilenetv3_small_100,pure,44,1,Eiffel Tower,0.49129852652549744
summe,mobilenetv3_small_100,pure,44,1,Jumps,0.40449437499046326
summe,mobilenetv3_small_100,pure,44,1,Saving dolphines,0.24409842491149902
summe,mobilenetv3_small_100,pure,44,1,paluma_jump,0.27137041091918945
summe,mobilenetv3_small_100,pure,44,2,Base jumping,0.3742857277393341
summe,mobilenetv3_small_100,pure,44,2,Car_railcrossing,0.3457627594470978
summe,mobilenetv3_small_100,pure,44,2,Excavators river crossing,0.4490084946155548
summe,mobilenetv3_small_100,pure,44,2,Notre_Dame,0.26764705777168274
summe,mobilenetv3_small_100,pure,44,2,car_over_camera,0.6167401075363159
summe,mobilenetv3_small_100,pure,44,3,Bearpark_climbing,0.7070707082748413
summe,mobilenetv3_small_100,pure,44,3,Bike Polo,0.48283496499061584
summe,mobilenetv3_small_100,pure,44,3,Bus_in_Rock_Tunnel,0.5716162919998169
summe,mobilenetv3_small_100,pure,44,3,Kids_playing_in_leaves,0.2068965584039688
summe,mobilenetv3_small_100,pure,44,3,Playing_on_water_slide,0.31903189420700073
summe,mobilenetv3_small_100,pure,44,4,Scuba,0.29661014676094055
summe,mobilenetv3_small_100,pure,44,4,St Maarten Landing,0.4165029525756836
summe,mobilenetv3_small_100,pure,44,4,Uncut_Evening_Flight,0.40991419553756714
summe,mobilenetv3_small_100,pure,44,4,Valparaiso_Downhill,0.5831649899482727
summe,mobilenetv3_small_100,pure,44,4,playing_ball,0.6652221083641052
summe,mobilenetv3_small_100,pure,44,5,Cockpit_Landing,0.39244985580444336
summe,mobilenetv3_small_100,pure,44,5,Cooking,0.614555299282074
summe,mobilenetv3_small_100,pure,44,5,Fire Domino,0.6016597151756287
summe,mobilenetv3_small_100,pure,44,5,Paintball,0.649704098701477
summe,mobilenetv3_small_100,pure,44,5,Statue of Liberty,0.6090750694274902
summe,mobilenetv3_small_100,surgery_only,42,1,Air_Force_One,0.5996978878974915
summe,mobilenetv3_small_100,surgery_only,42,1,Eiffel Tower,0.20080320537090302
summe,mobilenetv3_small_100,surgery_only,42,1,Jumps,0.40449437499046326
summe,mobilenetv3_small_100,surgery_only,42,1,Saving dolphines,0.2897407114505768
summe,mobilenetv3_small_100,surgery_only,42,1,paluma_jump,0.27769988775253296
summe,mobilenetv3_small_100,surgery_only,42,2,Base jumping,0.4773060083389282
summe,mobilenetv3_small_100,surgery_only,42,2,Car_railcrossing,0.35233163833618164
summe,mobilenetv3_small_100,surgery_only,42,2,Excavators river crossing,0.4212014079093933
summe,mobilenetv3_small_100,surgery_only,42,2,Notre_Dame,0.45571795105934143
summe,mobilenetv3_small_100,surgery_only,42,2,car_over_camera,0.6646294593811035
summe,mobilenetv3_small_100,surgery_only,42,3,Bearpark_climbing,0.7070707082748413
summe,mobilenetv3_small_100,surgery_only,42,3,Bike Polo,0.4744287133216858
summe,mobilenetv3_small_100,surgery_only,42,3,Bus_in_Rock_Tunnel,0.34534788131713867
summe,mobilenetv3_small_100,surgery_only,42,3,Kids_playing_in_leaves,0.29247310757637024
summe,mobilenetv3_small_100,surgery_only,42,3,Playing_on_water_slide,0.4412733316421509
summe,mobilenetv3_small_100,surgery_only,42,4,Scuba,0.43868741393089294
summe,mobilenetv3_small_100,surgery_only,42,4,St Maarten Landing,0.3155818283557892
summe,mobilenetv3_small_100,surgery_only,42,4,Uncut_Evening_Flight,0.2816365361213684
summe,mobilenetv3_small_100,surgery_only,42,4,Valparaiso_Downhill,0.5675147175788879
summe,mobilenetv3_small_100,surgery_only,42,4,playing_ball,0.4704618752002716
summe,mobilenetv3_small_100,surgery_only,42,5,Cockpit_Landing,0.3040238320827484
summe,mobilenetv3_small_100,surgery_only,42,5,Cooking,0.5013477206230164
summe,mobilenetv3_small_100,surgery_only,42,5,Fire Domino,0.7077624797821045
summe,mobilenetv3_small_100,surgery_only,42,5,Paintball,0.7472140192985535
summe,mobilenetv3_small_100,surgery_only,42,5,Statue of Liberty,0.6090750694274902
summe,mobilenetv3_small_100,surgery_only,43,1,Air_Force_One,0.5996978878974915
summe,mobilenetv3_small_100,surgery_only,43,1,Eiffel Tower,0.2264406681060791
summe,mobilenetv3_small_100,surgery_only,43,1,Jumps,0.0
summe,mobilenetv3_small_100,surgery_only,43,1,Saving dolphines,0.3026973009109497
summe,mobilenetv3_small_100,surgery_only,43,1,paluma_jump,0.27769988775253296
summe,mobilenetv3_small_100,surgery_only,43,2,Base jumping,0.2765178978443146
summe,mobilenetv3_small_100,surgery_only,43,2,Car_railcrossing,0.3460559844970703
summe,mobilenetv3_small_100,surgery_only,43,2,Excavators river crossing,0.3584758937358856
summe,mobilenetv3_small_100,surgery_only,43,2,Notre_Dame,0.5681254863739014
summe,mobilenetv3_small_100,surgery_only,43,2,car_over_camera,0.6562241911888123
summe,mobilenetv3_small_100,surgery_only,43,3,Bearpark_climbing,0.7070707082748413
summe,mobilenetv3_small_100,surgery_only,43,3,Bike Polo,0.28382837772369385
summe,mobilenetv3_small_100,surgery_only,43,3,Bus_in_Rock_Tunnel,0.5765407681465149
summe,mobilenetv3_small_100,surgery_only,43,3,Kids_playing_in_leaves,0.3888888657093048
summe,mobilenetv3_small_100,surgery_only,43,3,Playing_on_water_slide,0.1804320067167282
summe,mobilenetv3_small_100,surgery_only,43,4,Scuba,0.43868741393089294
summe,mobilenetv3_small_100,surgery_only,43,4,St Maarten Landing,0.29203540086746216
summe,mobilenetv3_small_100,surgery_only,43,4,Uncut_Evening_Flight,0.22572554647922516
summe,mobilenetv3_small_100,surgery_only,43,4,Valparaiso_Downhill,0.6355876922607422
summe,mobilenetv3_small_100,surgery_only,43,4,playing_ball,0.22826087474822998
summe,mobilenetv3_small_100,surgery_only,43,5,Cockpit_Landing,0.32953205704689026
summe,mobilenetv3_small_100,surgery_only,43,5,Cooking,0.3380281627178192
summe,mobilenetv3_small_100,surgery_only,43,5,Fire Domino,0.7077624797821045
summe,mobilenetv3_small_100,surgery_only,43,5,Paintball,0.7480916380882263
summe,mobilenetv3_small_100,surgery_only,43,5,Statue of Liberty,0.6171529293060303
summe,mobilenetv3_small_100,surgery_only,44,1,Air_Force_One,0.6495468020439148
summe,mobilenetv3_small_100,surgery_only,44,1,Eiffel Tower,0.42603546380996704
summe,mobilenetv3_small_100,surgery_only,44,1,Jumps,0.0
summe,mobilenetv3_small_100,surgery_only,44,1,Saving dolphines,0.4529058337211609
summe,mobilenetv3_small_100,surgery_only,44,1,paluma_jump,0.2844827473163605
summe,mobilenetv3_small_100,surgery_only,44,2,Base jumping,0.3869090974330902
summe,mobilenetv3_small_100,surgery_only,44,2,Car_railcrossing,0.2805124521255493
summe,mobilenetv3_small_100,surgery_only,44,2,Excavators river crossing,0.37566322088241577
summe,mobilenetv3_small_100,surgery_only,44,2,Notre_Dame,0.3746355473995209
summe,mobilenetv3_small_100,surgery_only,44,2,car_over_camera,0.5580589771270752
summe,mobilenetv3_small_100,surgery_only,44,3,Bearpark_climbing,0.34879031777381897
summe,mobilenetv3_small_100,surgery_only,44,3,Bike Polo,0.49344977736473083
summe,mobilenetv3_small_100,surgery_only,44,3,Bus_in_Rock_Tunnel,0.3198433518409729
summe,mobilenetv3_small_100,surgery_only,44,3,Kids_playing_in_leaves,0.1938232034444809
summe,mobilenetv3_small_100,surgery_only,44,3,Playing_on_water_slide,0.28058725595474243
summe,mobilenetv3_small_100,surgery_only,44,4,Scuba,0.3974960744380951
summe,mobilenetv3_small_100,surgery_only,44,4,St Maarten Landing,0.29203540086746216
summe,mobilenetv3_small_100,surgery_only,44,4,Uncut_Evening_Flight,0.16137093305587769
summe,mobilenetv3_small_100,surgery_only,44,4,Valparaiso_Downhill,0.5365222692489624
summe,mobilenetv3_small_100,surgery_only,44,4,playing_ball,0.49484533071517944
summe,mobilenetv3_small_100,surgery_only,44,5,Cockpit_Landing,0.20969648659229279
summe,mobilenetv3_small_100,surgery_only,44,5,Cooking,0.3380281627178192
summe,mobilenetv3_small_100,surgery_only,44,5,Fire Domino,0.6016597151756287
summe,mobilenetv3_small_100,surgery_only,44,5,Paintball,0.649704098701477
summe,mobilenetv3_small_100,surgery_only,44,5,Statue of Liberty,0.6171529293060303
summe,mobilenetv3_small_100,full_temporal,42,1,Air_Force_One,0.5996978878974915
summe,mobilenetv3_small_100,full_temporal,42,1,Eiffel Tower,0.6151761412620544
summe,mobilenetv3_small_100,full_temporal,42,1,Jumps,0.40449437499046326
summe,mobilenetv3_small_100,full_temporal,42,1,Saving dolphines,0.24500256776809692
summe,mobilenetv3_small_100,full_temporal,42,1,paluma_jump,0.27769988775253296
summe,mobilenetv3_small_100,full_temporal,42,2,Base jumping,0.37074586749076843
summe,mobilenetv3_small_100,full_temporal,42,2,Car_railcrossing,0.1930294930934906
summe,mobilenetv3_small_100,full_temporal,42,2,Excavators river crossing,0.37160012125968933
summe,mobilenetv3_small_100,full_temporal,42,2,Notre_Dame,0.5394070148468018
summe,mobilenetv3_small_100,full_temporal,42,2,car_over_camera,0.6095238327980042
summe,mobilenetv3_small_100,full_temporal,42,3,Bearpark_climbing,0.2985685169696808
summe,mobilenetv3_small_100,full_temporal,42,3,Bike Polo,0.6209302544593811
summe,mobilenetv3_small_100,full_temporal,42,3,Bus_in_Rock_Tunnel,0.3108196556568146
summe,mobilenetv3_small_100,full_temporal,42,3,Kids_playing_in_leaves,0.335112065076828
summe,mobilenetv3_small_100,full_temporal,42,3,Playing_on_water_slide,0.4379391074180603
summe,mobilenetv3_small_100,full_temporal,42,4,Scuba,0.5354331135749817
summe,mobilenetv3_small_100,full_temporal,42,4,St Maarten Landing,0.2863340675830841
summe,mobilenetv3_small_100,full_temporal,42,4,Uncut_Evening_Flight,0.2707454264163971
summe,mobilenetv3_small_100,full_temporal,42,4,Valparaiso_Downhill,0.3388608694076538
summe,mobilenetv3_small_100,full_temporal,42,4,playing_ball,0.5763440728187561
summe,mobilenetv3_small_100,full_temporal,42,5,Cockpit_Landing,0.2994012236595154
summe,mobilenetv3_small_100,full_temporal,42,5,Cooking,0.5690140724182129
summe,mobilenetv3_small_100,full_temporal,42,5,Fire Domino,0.31162789463996887
summe,mobilenetv3_small_100,full_temporal,42,5,Paintball,0.649704098701477
summe,mobilenetv3_small_100,full_temporal,42,5,Statue of Liberty,0.6171529293060303
summe,mobilenetv3_small_100,full_temporal,43,1,Air_Force_One,0.6495468020439148
summe,mobilenetv3_small_100,full_temporal,43,1,Eiffel Tower,0.47201618552207947
summe,mobilenetv3_small_100,full_temporal,43,1,Jumps,0.40449437499046326
summe,mobilenetv3_small_100,full_temporal,43,1,Saving dolphines,0.3920367658138275
summe,mobilenetv3_small_100,full_temporal,43,1,paluma_jump,0.4623955190181732
summe,mobilenetv3_small_100,full_temporal,43,2,Base jumping,0.4139433801174164
summe,mobilenetv3_small_100,full_temporal,43,2,Car_railcrossing,0.25606468319892883
summe,mobilenetv3_small_100,full_temporal,43,2,Excavators river crossing,0.338287353515625
summe,mobilenetv3_small_100,full_temporal,43,2,Notre_Dame,0.2744148373603821
summe,mobilenetv3_small_100,full_temporal,43,2,car_over_camera,0.6672443747520447
summe,mobilenetv3_small_100,full_temporal,43,3,Bearpark_climbing,0.34879031777381897
summe,mobilenetv3_small_100,full_temporal,43,3,Bike Polo,0.6430445909500122
summe,mobilenetv3_small_100,full_temporal,43,3,Bus_in_Rock_Tunnel,0.4410187900066376
summe,mobilenetv3_small_100,full_temporal,43,3,Kids_playing_in_leaves,0.2068965584039688
summe,mobilenetv3_small_100,full_temporal,43,3,Playing_on_water_slide,0.5608342885971069
summe,mobilenetv3_small_100,full_temporal,43,4,Scuba,0.43868741393089294
summe,mobilenetv3_small_100,full_temporal,43,4,St Maarten Landing,0.29203540086746216
summe,mobilenetv3_small_100,full_temporal,43,4,Uncut_Evening_Flight,0.29839059710502625
summe,mobilenetv3_small_100,full_temporal,43,4,Valparaiso_Downhill,0.47136273980140686
summe,mobilenetv3_small_100,full_temporal,43,4,playing_ball,0.6887418031692505
summe,mobilenetv3_small_100,full_temporal,43,5,Cockpit_Landing,0.38552379608154297
summe,mobilenetv3_small_100,full_temporal,43,5,Cooking,0.49444445967674255
summe,mobilenetv3_small_100,full_temporal,43,5,Fire Domino,0.6016597151756287
summe,mobilenetv3_small_100,full_temporal,43,5,Paintball,0.7480916380882263
summe,mobilenetv3_small_100,full_temporal,43,5,Statue of Liberty,0.5736704468727112
summe,mobilenetv3_small_100,full_temporal,44,1,Air_Force_One,0.6495468020439148
summe,mobilenetv3_small_100,full_temporal,44,1,Eiffel Tower,0.6301003098487854
summe,mobilenetv3_small_100,full_temporal,44,1,Jumps,0.2666666805744171
summe,mobilenetv3_small_100,full_temporal,44,1,Saving dolphines,0.24987252056598663
summe,mobilenetv3_small_100,full_temporal,44,1,paluma_jump,0.2933333218097687
summe,mobilenetv3_small_100,full_temporal,44,2,Base jumping,0.37074586749076843
summe,mobilenetv3_small_100,full_temporal,44,2,Car_railcrossing,0.2541806101799011
summe,mobilenetv3_small_100,full_temporal,44,2,Excavators river crossing,0.2765205204486847
summe,mobilenetv3_small_100,full_temporal,44,2,Notre_Dame,0.40059345960617065
summe,mobilenetv3_small_100,full_temporal,44,2,car_over_camera,0.5827956795692444
summe,mobilenetv3_small_100,full_temporal,44,3,Bearpark_climbing,0.44489794969558716
summe,mobilenetv3_small_100,full_temporal,44,3,Bike Polo,0.6430445909500122
summe,mobilenetv3_small_100,full_temporal,44,3,Bus_in_Rock_Tunnel,0.4010485112667084
summe,mobilenetv3_small_100,full_temporal,44,3,Kids_playing_in_leaves,0.2912205457687378
summe,mobilenetv3_small_100,full_temporal,44,3,Playing_on_water_slide,0.4338746964931488
summe,mobilenetv3_small_100,full_temporal,44,4,Scuba,0.35916826128959656
summe,mobilenetv3_small_100,full_temporal,44,4,St Maarten Landing,0.2863340675830841
summe,mobilenetv3_small_100,full_temporal,44,4,Uncut_Evening_Flight,0.2523437440395355
summe,mobilenetv3_small_100,full_temporal,44,4,Valparaiso_Downhill,0.24710983037948608
summe,mobilenetv3_small_100,full_temporal,44,4,playing_ball,0.7123287320137024
summe,mobilenetv3_small_100,full_temporal,44,5,Cockpit_Landing,0.27496275305747986
summe,mobilenetv3_small_100,full_temporal,44,5,Cooking,0.614555299282074
summe,mobilenetv3_small_100,full_temporal,44,5,Fire Domino,0.6016597151756287
summe,mobilenetv3_small_100,full_temporal,44,5,Paintball,0.649704098701477
summe,mobilenetv3_small_100,full_temporal,44,5,Statue of Liberty,0.6171529293060303
summe,mobilenetv3_small_100,proposed,42,1,Air_Force_One,0.5996978878974915
summe,mobilenetv3_small_100,proposed,42,1,Eiffel Tower,0.18617771565914154
summe,mobilenetv3_small_100,proposed,42,1,Jumps,0.0
summe,mobilenetv3_small_100,proposed,42,1,Saving dolphines,0.5813360214233398
summe,mobilenetv3_small_100,proposed,42,1,paluma_jump,0.2380300909280777
summe,mobilenetv3_small_100,proposed,42,2,Base jumping,0.23163841664791107
summe,mobilenetv3_small_100,proposed,42,2,Car_railcrossing,0.3490162491798401
summe,mobilenetv3_small_100,proposed,42,2,Excavators river crossing,0.3420494794845581
summe,mobilenetv3_small_100,proposed,42,2,Notre_Dame,0.17419885098934174
summe,mobilenetv3_small_100,proposed,42,2,car_over_camera,0.5716463327407837
summe,mobilenetv3_small_100,proposed,42,3,Bearpark_climbing,0.34879031777381897
summe,mobilenetv3_small_100,proposed,42,3,Bike Polo,0.5879732370376587
summe,mobilenetv3_small_100,proposed,42,3,Bus_in_Rock_Tunnel,0.49734747409820557
summe,mobilenetv3_small_100,proposed,42,3,Kids_playing_in_leaves,0.290909081697464
summe,mobilenetv3_small_100,proposed,42,3,Playing_on_water_slide,0.2712933421134949
summe,mobilenetv3_small_100,proposed,42,4,Scuba,0.5354331135749817
summe,mobilenetv3_small_100,proposed,42,4,St Maarten Landing,0.29203540086746216
summe,mobilenetv3_small_100,proposed,42,4,Uncut_Evening_Flight,0.2374260276556015
summe,mobilenetv3_small_100,proposed,42,4,Valparaiso_Downhill,0.5006434917449951
summe,mobilenetv3_small_100,proposed,42,4,playing_ball,0.36729857325553894
summe,mobilenetv3_small_100,proposed,42,5,Cockpit_Landing,0.2589319944381714
summe,mobilenetv3_small_100,proposed,42,5,Cooking,0.3380281627178192
summe,mobilenetv3_small_100,proposed,42,5,Fire Domino,0.5565217137336731
summe,mobilenetv3_small_100,proposed,42,5,Paintball,0.649704098701477
summe,mobilenetv3_small_100,proposed,42,5,Statue of Liberty,0.335971862077713
summe,mobilenetv3_small_100,proposed,43,1,Air_Force_One,0.6495468020439148
summe,mobilenetv3_small_100,proposed,43,1,Eiffel Tower,0.3920118510723114
summe,mobilenetv3_small_100,proposed,43,1,Jumps,0.0
summe,mobilenetv3_small_100,proposed,43,1,Saving dolphines,0.30315154790878296
summe,mobilenetv3_small_100,proposed,43,1,paluma_jump,0.2380300909280777
summe,mobilenetv3_small_100,proposed,43,2,Base jumping,0.27530956268310547
summe,mobilenetv3_small_100,proposed,43,2,Car_railcrossing,0.23338256776332855
summe,mobilenetv3_small_100,proposed,43,2,Excavators river crossing,0.41330504417419434
summe,mobilenetv3_small_100,proposed,43,2,Notre_Dame,0.4796680510044098
summe,mobilenetv3_small_100,proposed,43,2,car_over_camera,0.6562241911888123
summe,mobilenetv3_small_100,proposed,43,3,Bearpark_climbing,0.7070707082748413
summe,mobilenetv3_small_100,proposed,43,3,Bike Polo,0.32201534509658813
summe,mobilenetv3_small_100,proposed,43,3,Bus_in_Rock_Tunnel,0.25233644247055054
summe,mobilenetv3_small_100,proposed,43,3,Kids_playing_in_leaves,0.2068965584039688
summe,mobilenetv3_small_100,proposed,43,3,Playing_on_water_slide,0.4604811370372772
summe,mobilenetv3_small_100,proposed,43,4,Scuba,0.2995319962501526
summe,mobilenetv3_small_100,proposed,43,4,St Maarten Landing,0.4165029525756836
summe,mobilenetv3_small_100,proposed,43,4,Uncut_Evening_Flight,0.40407589077949524
summe,mobilenetv3_small_100,proposed,43,4,Valparaiso_Downhill,0.4815303385257721
summe,mobilenetv3_small_100,proposed,43,4,playing_ball,0.6403607726097107
summe,mobilenetv3_small_100,proposed,43,5,Cockpit_Landing,0.30763331055641174
summe,mobilenetv3_small_100,proposed,43,5,Cooking,0.6129032373428345
summe,mobilenetv3_small_100,proposed,43,5,Fire Domino,0.6016597151756287
summe,mobilenetv3_small_100,proposed,43,5,Paintball,0.5508771538734436
summe,mobilenetv3_small_100,proposed,43,5,Statue of Liberty,0.3888888955116272
summe,mobilenetv3_small_100,proposed,44,1,Air_Force_One,0.6495468020439148
summe,mobilenetv3_small_100,proposed,44,1,Eiffel Tower,0.49162763357162476
summe,mobilenetv3_small_100,proposed,44,1,Jumps,0.0
summe,mobilenetv3_small_100,proposed,44,1,Saving dolphines,0.4529058337211609
summe,mobilenetv3_small_100,proposed,44,1,paluma_jump,0.2780899107456207
summe,mobilenetv3_small_100,proposed,44,2,Base jumping,0.3726346492767334
summe,mobilenetv3_small_100,proposed,44,2,Car_railcrossing,0.34991422295570374
summe,mobilenetv3_small_100,proposed,44,2,Excavators river crossing,0.42332157492637634
summe,mobilenetv3_small_100,proposed,44,2,Notre_Dame,0.3036876320838928
summe,mobilenetv3_small_100,proposed,44,2,car_over_camera,0.6562241911888123
summe,mobilenetv3_small_100,proposed,44,3,Bearpark_climbing,0.4547283947467804
summe,mobilenetv3_small_100,proposed,44,3,Bike Polo,0.6430445909500122
summe,mobilenetv3_small_100,proposed,44,3,Bus_in_Rock_Tunnel,0.5553292632102966
summe,mobilenetv3_small_100,proposed,44,3,Kids_playing_in_leaves,0.3343982994556427
summe,mobilenetv3_small_100,proposed,44,3,Playing_on_water_slide,0.4379391074180603
summe,mobilenetv3_small_100,proposed,44,4,Scuba,0.35916826128959656
summe,mobilenetv3_small_100,proposed,44,4,St Maarten Landing,0.4165029525756836
summe,mobilenetv3_small_100,proposed,44,4,Uncut_Evening_Flight,0.24846625328063965
summe,mobilenetv3_small_100,proposed,44,4,Valparaiso_Downhill,0.3676375448703766
summe,mobilenetv3_small_100,proposed,44,4,playing_ball,0.37826088070869446
summe,mobilenetv3_small_100,proposed,44,5,Cockpit_Landing,0.2902838885784149
summe,mobilenetv3_small_100,proposed,44,5,Cooking,0.5690140724182129
summe,mobilenetv3_small_100,proposed,44,5,Fire Domino,0.6016597151756287
summe,mobilenetv3_small_100,proposed,44,5,Paintball,0.7472140192985535
summe,mobilenetv3_small_100,proposed,44,5,Statue of Liberty,0.6171529293060303
summe,googlenet,full_temporal,42,1,Air_Force_One,0.5996978878974915
summe,googlenet,full_temporal,42,1,Eiffel Tower,0.4266666769981384
summe,googlenet,full_temporal,42,1,Jumps,0.2666666805744171
summe,googlenet,full_temporal,42,1,Saving dolphines,0.2438775599002838
summe,googlenet,full_temporal,42,1,paluma_jump,0.27769988775253296
summe,googlenet,full_temporal,42,2,Base jumping,0.4016853868961334
summe,googlenet,full_temporal,42,2,Car_railcrossing,0.19393940269947052
summe,googlenet,full_temporal,42,2,Excavators river crossing,0.2753264904022217
summe,googlenet,full_temporal,42,2,Notre_Dame,0.3396226465702057
summe,googlenet,full_temporal,42,2,car_over_camera,0.6206293702125549
summe,googlenet,full_temporal,42,3,Bearpark_climbing,0.376518189907074
summe,googlenet,full_temporal,42,3,Bike Polo,0.4485549330711365
summe,googlenet,full_temporal,42,3,Bus_in_Rock_Tunnel,0.4924491047859192
summe,googlenet,full_temporal,42,3,Kids_playing_in_leaves,0.5021458864212036
summe,googlenet,full_temporal,42,3,Playing_on_water_slide,0.33663368225097656
summe,googlenet,full_temporal,42,4,Scuba,0.4459459185600281
summe,googlenet,full_temporal,42,4,St Maarten Landing,0.4165029525756836
summe,googlenet,full_temporal,42,4,Uncut_Evening_Flight,0.21462488174438477
summe,googlenet,full_temporal,42,4,Valparaiso_Downhill,0.43142303824424744
summe,googlenet,full_temporal,42,4,playing_ball,0.4704618752002716
summe,googlenet,full_temporal,42,5,Cockpit_Landing,0.304964542388916
summe,googlenet,full_temporal,42,5,Cooking,0.49444445967674255
summe,googlenet,full_temporal,42,5,Fire Domino,0.6016597151756287
summe,googlenet,full_temporal,42,5,Paintball,0.5508771538734436
summe,googlenet,full_temporal,42,5,Statue of Liberty,0.38211381435394287
summe,googlenet,full_temporal,43,1,Air_Force_One,0.6495468020439148
summe,googlenet,full_temporal,43,1,Eiffel Tower,0.5746818780899048
summe,googlenet,full_temporal,43,1,Jumps,0.40449437499046326
summe,googlenet,full_temporal,43,1,Saving dolphines,0.2391415387392044
summe,googlenet,full_temporal,43,1,paluma_jump,0.27769988775253296
summe,googlenet,full_temporal,43,2,Base jumping,0.2635432183742523
summe,googlenet,full_temporal,43,2,Car_railcrossing,0.2572559416294098
summe,googlenet,full_temporal,43,2,Excavators river crossing,0.24681754410266876
summe,googlenet,full_temporal,43,2,Notre_Dame,0.4716666638851166
summe,googlenet,full_temporal,43,2,car_over_camera,0.6206293702125549
summe,googlenet,full_temporal,43,3,Bearpark_climbing,0.36252549290657043
summe,googlenet,full_temporal,43,3,Bike Polo,0.48283496499061584
summe,googlenet,full_temporal,43,3,Bus_in_Rock_Tunnel,0.4571428596973419
summe,googlenet,full_temporal,43,3,Kids_playing_in_leaves,0.2068965584039688
summe,googlenet,full_temporal,43,3,Playing_on_water_slide,0.3850385248661041
summe,googlenet,full_temporal,43,4,Scuba,0.5700325965881348
summe,googlenet,full_temporal,43,4,St Maarten Landing,0.4165029525756836
summe,googlenet,full_temporal,43,4,Uncut_Evening_Flight,0.30849090218544006
summe,googlenet,full_temporal,43,4,Valparaiso_Downhill,0.5241467952728271
summe,googlenet,full_temporal,43,4,playing_ball,0.3549222946166992
summe,googlenet,full_temporal,43,5,Cockpit_Landing,0.30901604890823364
summe,googlenet,full_temporal,43,5,Cooking,0.49444445967674255
summe,googlenet,full_temporal,43,5,Fire Domino,0.6016597151756287
summe,googlenet,full_temporal,43,5,Paintball,0.5524926781654358
summe,googlenet,full_temporal,43,5,Statue of Liberty,0.37979796528816223
summe,googlenet,full_temporal,44,1,Air_Force_One,0.5996978878974915
summe,googlenet,full_temporal,44,1,Eiffel Tower,0.48856088519096375
summe,googlenet,full_temporal,44,1,Jumps,0.40449437499046326
summe,googlenet,full_temporal,44,1,Saving dolphines,0.2506963908672333
summe,googlenet,full_temporal,44,1,paluma_jump,0.2380300909280777
summe,googlenet,full_temporal,44,2,Base jumping,0.41605839133262634
summe,googlenet,full_temporal,44,2,Car_railcrossing,0.2101694941520691
summe,googlenet,full_temporal,44,2,Excavators river crossing,0.30497705936431885
summe,googlenet,full_temporal,44,2,Notre_Dame,0.35772356390953064
summe,googlenet,full_temporal,44,2,car_over_camera,0.6206293702125549
summe,googlenet,full_temporal,44,3,Bearpark_climbing,0.2774922847747803
summe,googlenet,full_temporal,44,3,Bike Polo,0.28762540221214294
summe,googlenet,full_temporal,44,3,Bus_in_Rock_Tunnel,0.4571428596973419
summe,googlenet,full_temporal,44,3,Kids_playing_in_leaves,0.28153151273727417
summe,googlenet,full_temporal,44,3,Playing_on_water_slide,0.4412733316421509
summe,googlenet,full_temporal,44,4,Scuba,0.4647887647151947
summe,googlenet,full_temporal,44,4,St Maarten Landing,0.43673470616340637
summe,googlenet,full_temporal,44,4,Uncut_Evening_Flight,0.2748091518878937
summe,googlenet,full_temporal,44,4,Valparaiso_Downhill,0.38273197412490845
summe,googlenet,full_temporal,44,4,playing_ball,0.5011086463928223
summe,googlenet,full_temporal,44,5,Cockpit_Landing,0.29156818985939026
summe,googlenet,full_temporal,44,5,Cooking,0.3380281627178192
summe,googlenet,full_temporal,44,5,Fire Domino,0.6016597151756287
summe,googlenet,full_temporal,44,5,Paintball,0.5524926781654358
summe,googlenet,full_temporal,44,5,Statue of Liberty,0.2693602740764618
summe,resnet50,full_temporal,42,1,Air_Force_One,0.4871017038822174
summe,resnet50,full_temporal,42,1,Eiffel Tower,0.41588786244392395
summe,resnet50,full_temporal,42,1,Jumps,0.40449437499046326
summe,resnet50,full_temporal,42,1,Saving dolphines,0.20810404419898987
summe,resnet50,full_temporal,42,1,paluma_jump,0.4676056206226349
summe,resnet50,full_temporal,42,2,Base jumping,0.3024963140487671
summe,resnet50,full_temporal,42,2,Car_railcrossing,0.3338278532028198
summe,resnet50,full_temporal,42,2,Excavators river crossing,0.22253620624542236
summe,resnet50,full_temporal,42,2,Notre_Dame,0.3673819899559021
summe,resnet50,full_temporal,42,2,car_over_camera,0.73209547996521
summe,resnet50,full_temporal,42,3,Bearpark_climbing,0.5358948707580566
summe,resnet50,full_temporal,42,3,Bike Polo,0.45930880308151245
summe,resnet50,full_temporal,42,3,Bus_in_Rock_Tunnel,0.4005235433578491
summe,resnet50,full_temporal,42,3,Kids_playing_in_leaves,0.2068965584039688
summe,resnet50,full_temporal,42,3,Playing_on_water_slide,0.34906697273254395
summe,resnet50,full_temporal,42,4,Scuba,0.5354331135749817
summe,resnet50,full_temporal,42,4,St Maarten Landing,0.6077585816383362
summe,resnet50,full_temporal,42,4,Uncut_Evening_Flight,0.24601176381111145
summe,resnet50,full_temporal,42,4,Valparaiso_Downhill,0.6326797008514404
summe,resnet50,full_temporal,42,4,playing_ball,0.5763440728187561
summe,resnet50,full_temporal,42,5,Cockpit_Landing,0.4944620132446289
summe,resnet50,full_temporal,42,5,Cooking,0.5690140724182129
summe,resnet50,full_temporal,42,5,Fire Domino,0.2912205457687378
summe,resnet50,full_temporal,42,5,Paintball,0.5524926781654358
summe,resnet50,full_temporal,42,5,Statue of Liberty,0.4978354573249817
summe,resnet50,full_temporal,43,1,Air_Force_One,0.5996978878974915
summe,resnet50,full_temporal,43,1,Eiffel Tower,0.4200668931007385
summe,resnet50,full_temporal,43,1,Jumps,0.40449437499046326
summe,resnet50,full_temporal,43,1,Saving dolphines,0.16590330004692078
summe,resnet50,full_temporal,43,1,paluma_jump,0.2761506140232086
summe,resnet50,full_temporal,43,2,Base jumping,0.3024963140487671
summe,resnet50,full_temporal,43,2,Car_railcrossing,0.2101694941520691
summe,resnet50,full_temporal,43,2,Excavators river crossing,0.22253620624542236
summe,resnet50,full_temporal,43,2,Notre_Dame,0.45269671082496643
summe,resnet50,full_temporal,43,2,car_over_camera,0.73209547996521
summe,resnet50,full_temporal,43,3,Bearpark_climbing,0.36252549290657043
summe,resnet50,full_temporal,43,3,Bike Polo,0.45930880308151245
summe,resnet50,full_temporal,43,3,Bus_in_Rock_Tunnel,0.32283464074134827
summe,resnet50,full_temporal,43,3,Kids_playing_in_leaves,0.28817203640937805
summe,resnet50,full_temporal,43,3,Playing_on_water_slide,0.34906697273254395
summe,resnet50,full_temporal,43,4,Scuba,0.5354331135749817
summe,resnet50,full_temporal,43,4,St Maarten Landing,0.6077585816383362
summe,resnet50,full_temporal,43,4,Uncut_Evening_Flight,0.18923933804035187
summe,resnet50,full_temporal,43,4,Valparaiso_Downhill,0.5365222692489624
summe,resnet50,full_temporal,43,4,playing_ball,0.5763440728187561
summe,resnet50,full_temporal,43,5,Cockpit_Landing,0.2922590970993042
summe,resnet50,full_temporal,43,5,Cooking,0.5690140724182129
summe,resnet50,full_temporal,43,5,Fire Domino,0.6016597151756287
summe,resnet50,full_temporal,43,5,Paintball,0.5524926781654358
summe,resnet50,full_temporal,43,5,Statue of Liberty,0.43950173258781433
summe,resnet50,full_temporal,44,1,Air_Force_One,0.6495468020439148
summe,resnet50,full_temporal,44,1,Eiffel Tower,0.4866863787174225
summe,resnet50,full_temporal,44,1,Jumps,0.40449437499046326
summe,resnet50,full_temporal,44,1,Saving dolphines,0.26789364218711853
summe,resnet50,full_temporal,44,1,paluma_jump,0.307692289352417
summe,resnet50,full_temporal,44,2,Base jumping,0.3024963140487671
summe,resnet50,full_temporal,44,2,Car_railcrossing,0.33210331201553345
summe,resnet50,full_temporal,44,2,Excavators river crossing,0.2773370146751404
summe,resnet50,full_temporal,44,2,Notre_Dame,0.45562127232551575
summe,resnet50,full_temporal,44,2,car_over_camera,0.73209547996521
summe,resnet50,full_temporal,44,3,Bearpark_climbing,0.45206862688064575
summe,resnet50,full_temporal,44,3,Bike Polo,0.6447368264198303
summe,resnet50,full_temporal,44,3,Bus_in_Rock_Tunnel,0.4921260178089142
summe,resnet50,full_temporal,44,3,Kids_playing_in_leaves,0.3369098901748657
summe,resnet50,full_temporal,44,3,Playing_on_water_slide,0.2860335111618042
summe,resnet50,full_temporal,44,4,Scuba,0.5354331135749817
summe,resnet50,full_temporal,44,4,St Maarten Landing,0.6077585816383362
summe,resnet50,full_temporal,44,4,Uncut_Evening_Flight,0.2464255541563034
summe,resnet50,full_temporal,44,4,Valparaiso_Downhill,0.5365222692489624
summe,resnet50,full_temporal,44,4,playing_ball,0.5763440728187561
summe,resnet50,full_temporal,44,5,Cockpit_Landing,0.29214373230934143
summe,resnet50,full_temporal,44,5,Cooking,0.5690140724182129
summe,resnet50,full_temporal,44,5,Fire Domino,0.6016597151756287
summe,resnet50,full_temporal,44,5,Paintball,0.5524926781654358
summe,resnet50,full_temporal,44,5,Statue of Liberty,0.43950173258781433
summe,mobilenetv3_large_100,full_temporal,42,1,Air_Force_One,0.498113214969635
summe,mobilenetv3_large_100,full_temporal,42,1,Eiffel Tower,0.3850267231464386
summe,mobilenetv3_large_100,full_temporal,42,1,Jumps,0.40449437499046326
summe,mobilenetv3_large_100,full_temporal,42,1,Saving dolphines,0.2838137447834015
summe,mobilenetv3_large_100,full_temporal,42,1,paluma_jump,0.2380300909280777
summe,mobilenetv3_large_100,full_temporal,42,2,Base jumping,0.3641577363014221
summe,mobilenetv3_large_100,full_temporal,42,2,Car_railcrossing,0.2503293752670288
summe,mobilenetv3_large_100,full_temporal,42,2,Excavators river crossing,0.2896551489830017
summe,mobilenetv3_large_100,full_temporal,42,2,Notre_Dame,0.30456849932670593
summe,mobilenetv3_large_100,full_temporal,42,2,car_over_camera,0.6672443747520447
summe,mobilenetv3_large_100,full_temporal,42,3,Bearpark_climbing,0.2631579041481018
summe,mobilenetv3_large_100,full_temporal,42,3,Bike Polo,0.410196989774704
summe,mobilenetv3_large_100,full_temporal,42,3,Bus_in_Rock_Tunnel,0.34117648005485535
summe,mobilenetv3_large_100,full_temporal,42,3,Kids_playing_in_leaves,0.3347547948360443
summe,mobilenetv3_large_100,full_temporal,42,3,Playing_on_water_slide,0.4412733316421509
summe,mobilenetv3_large_100,full_temporal,42,4,Scuba,0.6746031641960144
summe,mobilenetv3_large_100,full_temporal,42,4,St Maarten Landing,0.2863340675830841
summe,mobilenetv3_large_100,full_temporal,42,4,Uncut_Evening_Flight,0.18943838775157928
summe,mobilenetv3_large_100,full_temporal,42,4,Valparaiso_Downhill,0.33019548654556274
summe,mobilenetv3_large_100,full_temporal,42,4,playing_ball,0.5593035817146301
summe,mobilenetv3_large_100,full_temporal,42,5,Cockpit_Landing,0.3102162480354309
summe,mobilenetv3_large_100,full_temporal,42,5,Cooking,0.614555299282074
summe,mobilenetv3_large_100,full_temporal,42,5,Fire Domino,0.6016597151756287
summe,mobilenetv3_large_100,full_temporal,42,5,Paintball,0.5508771538734436
summe,mobilenetv3_large_100,full_temporal,42,5,Statue of Liberty,0.6171529293060303
summe,mobilenetv3_large_100,full_temporal,43,1,Air_Force_One,0.5996978878974915
summe,mobilenetv3_large_100,full_temporal,43,1,Eiffel Tower,0.5929918885231018
summe,mobilenetv3_large_100,full_temporal,43,1,Jumps,0.40449437499046326
summe,mobilenetv3_large_100,full_temporal,43,1,Saving dolphines,0.238653764128685
summe,mobilenetv3_large_100,full_temporal,43,1,paluma_jump,0.27769988775253296
summe,mobilenetv3_large_100,full_temporal,43,2,Base jumping,0.3054113984107971
summe,mobilenetv3_large_100,full_temporal,43,2,Car_railcrossing,0.33557048439979553
summe,mobilenetv3_large_100,full_temporal,43,2,Excavators river crossing,0.386709064245224
summe,mobilenetv3_large_100,full_temporal,43,2,Notre_Dame,0.3039073944091797
summe,mobilenetv3_large_100,full_temporal,43,2,car_over_camera,0.6672443747520447
summe,mobilenetv3_large_100,full_temporal,43,3,Bearpark_climbing,0.34879031777381897
summe,mobilenetv3_large_100,full_temporal,43,3,Bike Polo,0.6430445909500122
summe,mobilenetv3_large_100,full_temporal,43,3,Bus_in_Rock_Tunnel,0.3541666567325592
summe,mobilenetv3_large_100,full_temporal,43,3,Kids_playing_in_leaves,0.2294372320175171
summe,mobilenetv3_large_100,full_temporal,43,3,Playing_on_water_slide,0.4412733316421509
summe,mobilenetv3_large_100,full_temporal,43,4,Scuba,0.43868741393089294
summe,mobilenetv3_large_100,full_temporal,43,4,St Maarten Landing,0.29203540086746216
summe,mobilenetv3_large_100,full_temporal,43,4,Uncut_Evening_Flight,0.2485615611076355
summe,mobilenetv3_large_100,full_temporal,43,4,Valparaiso_Downhill,0.5820990800857544
summe,mobilenetv3_large_100,full_temporal,43,4,playing_ball,0.2850412130355835
summe,mobilenetv3_large_100,full_temporal,43,5,Cockpit_Landing,0.3058730661869049
summe,mobilenetv3_large_100,full_temporal,43,5,Cooking,0.3380281627178192
summe,mobilenetv3_large_100,full_temporal,43,5,Fire Domino,0.6016597151756287
summe,mobilenetv3_large_100,full_temporal,43,5,Paintball,0.5524926781654358
summe,mobilenetv3_large_100,full_temporal,43,5,Statue of Liberty,0.6445395946502686
summe,mobilenetv3_large_100,full_temporal,44,1,Air_Force_One,0.5996978878974915
summe,mobilenetv3_large_100,full_temporal,44,1,Eiffel Tower,0.4888888895511627
summe,mobilenetv3_large_100,full_temporal,44,1,Jumps,0.40449437499046326
summe,mobilenetv3_large_100,full_temporal,44,1,Saving dolphines,0.30300000309944153
summe,mobilenetv3_large_100,full_temporal,44,1,paluma_jump,0.3099415600299835
summe,mobilenetv3_large_100,full_temporal,44,2,Base jumping,0.37074586749076843
summe,mobilenetv3_large_100,full_temporal,44,2,Car_railcrossing,0.19187209010124207
summe,mobilenetv3_large_100,full_temporal,44,2,Excavators river crossing,0.3785310685634613
summe,mobilenetv3_large_100,full_temporal,44,2,Notre_Dame,0.3377580940723419
summe,mobilenetv3_large_100,full_temporal,44,2,car_over_camera,0.6672443747520447
summe,mobilenetv3_large_100,full_temporal,44,3,Bearpark_climbing,0.3592330813407898
summe,mobilenetv3_large_100,full_temporal,44,3,Bike Polo,0.6430445909500122
summe,mobilenetv3_large_100,full_temporal,44,3,Bus_in_Rock_Tunnel,0.435247004032135
summe,mobilenetv3_large_100,full_temporal,44,3,Kids_playing_in_leaves,0.3369098901748657
summe,mobilenetv3_large_100,full_temporal,44,3,Playing_on_water_slide,0.4412733316421509
summe,mobilenetv3_large_100,full_temporal,44,4,Scuba,0.35916826128959656
summe,mobilenetv3_large_100,full_temporal,44,4,St Maarten Landing,0.3155818283557892
summe,mobilenetv3_large_100,full_temporal,44,4,Uncut_Evening_Flight,0.16749820113182068
summe,mobilenetv3_large_100,full_temporal,44,4,Valparaiso_Downhill,0.37806451320648193
summe,mobilenetv3_large_100,full_temporal,44,4,playing_ball,0.2850412130355835
summe,mobilenetv3_large_100,full_temporal,44,5,Cockpit_Landing,0.2800597548484802
summe,mobilenetv3_large_100,full_temporal,44,5,Cooking,0.5690140724182129
summe,mobilenetv3_large_100,full_temporal,44,5,Fire Domino,0.2912205457687378
summe,mobilenetv3_large_100,full_temporal,44,5,Paintball,0.5524926781654358
summe,mobilenetv3_large_100,full_temporal,44,5,Statue of Liberty,0.5736704468727112
summe,vit_base_patch16_224,full_temporal,42,1,Air_Force_One,0.5996978878974915
summe,vit_base_patch16_224,full_temporal,42,1,Eiffel Tower,0.5929918885231018
summe,vit_base_patch16_224,full_temporal,42,1,Jumps,0.40449437499046326
summe,vit_base_patch16_224,full_temporal,42,1,Saving dolphines,0.25971370935440063
summe,vit_base_patch16_224,full_temporal,42,1,paluma_jump,0.27966099977493286
summe,vit_base_patch16_224,full_temporal,42,2,Base jumping,0.4996451437473297
summe,vit_base_patch16_224,full_temporal,42,2,Car_railcrossing,0.291223406791687
summe,vit_base_patch16_224,full_temporal,42,2,Excavators river crossing,0.36125046014785767
summe,vit_base_patch16_224,full_temporal,42,2,Notre_Dame,0.43798115849494934
summe,vit_base_patch16_224,full_temporal,42,2,car_over_camera,0.6180257797241211
summe,vit_base_patch16_224,full_temporal,42,3,Bearpark_climbing,0.3083164095878601
summe,vit_base_patch16_224,full_temporal,42,3,Bike Polo,0.5789473652839661
summe,vit_base_patch16_224,full_temporal,42,3,Bus_in_Rock_Tunnel,0.3669467866420746
summe,vit_base_patch16_224,full_temporal,42,3,Kids_playing_in_leaves,0.2982456088066101
summe,vit_base_patch16_224,full_temporal,42,3,Playing_on_water_slide,0.34906697273254395
summe,vit_base_patch16_224,full_temporal,42,4,Scuba,0.5368098020553589
summe,vit_base_patch16_224,full_temporal,42,4,St Maarten Landing,0.4165029525756836
summe,vit_base_patch16_224,full_temporal,42,4,Uncut_Evening_Flight,0.20284289121627808
summe,vit_base_patch16_224,full_temporal,42,4,Valparaiso_Downhill,0.34472936391830444
summe,vit_base_patch16_224,full_temporal,42,4,playing_ball,0.5526881814002991
summe,vit_base_patch16_224,full_temporal,42,5,Cockpit_Landing,0.23297356069087982
summe,vit_base_patch16_224,full_temporal,42,5,Cooking,0.3380281627178192
summe,vit_base_patch16_224,full_temporal,42,5,Fire Domino,0.6016597151756287
summe,vit_base_patch16_224,full_temporal,42,5,Paintball,0.4077102839946747
summe,vit_base_patch16_224,full_temporal,42,5,Statue of Liberty,0.6959578394889832
summe,vit_base_patch16_224,full_temporal,43,1,Air_Force_One,0.6495468020439148
summe,vit_base_patch16_224,full_temporal,43,1,Eiffel Tower,0.6810519099235535
summe,vit_base_patch16_224,full_temporal,43,1,Jumps,0.40449437499046326
summe,vit_base_patch16_224,full_temporal,43,1,Saving dolphines,0.2513994872570038
summe,vit_base_patch16_224,full_temporal,43,1,paluma_jump,0.2670226991176605
summe,vit_base_patch16_224,full_temporal,43,2,Base jumping,0.31719300150871277
summe,vit_base_patch16_224,full_temporal,43,2,Car_railcrossing,0.2101694941520691
summe,vit_base_patch16_224,full_temporal,43,2,Excavators river crossing,0.5050017833709717
summe,vit_base_patch16_224,full_temporal,43,2,Notre_Dame,0.3587982654571533
summe,vit_base_patch16_224,full_temporal,43,2,car_over_camera,0.6180257797241211
summe,vit_base_patch16_224,full_temporal,43,3,Bearpark_climbing,0.5358948707580566
summe,vit_base_patch16_224,full_temporal,43,3,Bike Polo,0.36083605885505676
summe,vit_base_patch16_224,full_temporal,43,3,Bus_in_Rock_Tunnel,0.4602510333061218
summe,vit_base_patch16_224,full_temporal,43,3,Kids_playing_in_leaves,0.5021458864212036
summe,vit_base_patch16_224,full_temporal,43,3,Playing_on_water_slide,0.2860335111618042
summe,vit_base_patch16_224,full_temporal,43,4,Scuba,0.6021840572357178
summe,vit_base_patch16_224,full_temporal,43,4,St Maarten Landing,0.4165029525756836
summe,vit_base_patch16_224,full_temporal,43,4,Uncut_Evening_Flight,0.2527386248111725
summe,vit_base_patch16_224,full_temporal,43,4,Valparaiso_Downhill,0.49253731966018677
summe,vit_base_patch16_224,full_temporal,43,4,playing_ball,0.5526881814002991
summe,vit_base_patch16_224,full_temporal,43,5,Cockpit_Landing,0.388801246881485
summe,vit_base_patch16_224,full_temporal,43,5,Cooking,0.5013477206230164
summe,vit_base_patch16_224,full_temporal,43,5,Fire Domino,0.6016597151756287
summe,vit_base_patch16_224,full_temporal,43,5,Paintball,0.649704098701477
summe,vit_base_patch16_224,full_temporal,43,5,Statue of Liberty,0.5043859481811523
summe,vit_base_patch16_224,full_temporal,44,1,Air_Force_One,0.6495468020439148
summe,vit_base_patch16_224,full_temporal,44,1,Eiffel Tower,0.5134205222129822
summe,vit_base_patch16_224,full_temporal,44,1,Jumps,0.40449437499046326
summe,vit_base_patch16_224,full_temporal,44,1,Saving dolphines,0.5822268128395081
summe,vit_base_patch16_224,full_temporal,44,1,paluma_jump,0.2952127754688263
summe,vit_base_patch16_224,full_temporal,44,2,Base jumping,0.29876720905303955
summe,vit_base_patch16_224,full_temporal,44,2,Car_railcrossing,0.2101694941520691
summe,vit_base_patch16_224,full_temporal,44,2,Excavators river crossing,0.28168022632598877
summe,vit_base_patch16_224,full_temporal,44,2,Notre_Dame,0.4392041265964508
summe,vit_base_patch16_224,full_temporal,44,2,car_over_camera,0.6180257797241211
summe,vit_base_patch16_224,full_temporal,44,3,Bearpark_climbing,0.34879031777381897
summe,vit_base_patch16_224,full_temporal,44,3,Bike Polo,0.48283496499061584
summe,vit_base_patch16_224,full_temporal,44,3,Bus_in_Rock_Tunnel,0.6086956858634949
summe,vit_base_patch16_224,full_temporal,44,3,Kids_playing_in_leaves,0.4994663596153259
summe,vit_base_patch16_224,full_temporal,44,3,Playing_on_water_slide,0.34906697273254395
summe,vit_base_patch16_224,full_temporal,44,4,Scuba,0.6021840572357178
summe,vit_base_patch16_224,full_temporal,44,4,St Maarten Landing,0.4165029525756836
summe,vit_base_patch16_224,full_temporal,44,4,Uncut_Evening_Flight,0.31837016344070435
summe,vit_base_patch16_224,full_temporal,44,4,Valparaiso_Downhill,0.4647519588470459
summe,vit_base_patch16_224,full_temporal,44,4,playing_ball,0.5763440728187561
summe,vit_base_patch16_224,full_temporal,44,5,Cockpit_Landing,0.29156818985939026
summe,vit_base_patch16_224,full_temporal,44,5,Cooking,0.6129032373428345
summe,vit_base_patch16_224,full_temporal,44,5,Fire Domino,0.6016597151756287
summe,vit_base_patch16_224,full_temporal,44,5,Paintball,0.5508771538734436
summe,vit_base_patch16_224,full_temporal,44,5,Statue of Liberty,0.6128183007240295
tvsum,mobilevitv2_050,pure,42,1,HT5vyqe0Xaw,0.4925663471221924
tvsum,mobilevitv2_050,pure,42,1,JgHubY5Vw3Y,0.7138766050338745
tvsum,mobilevitv2_050,pure,42,1,NyBmCxDoHJU,0.4846712052822113
tvsum,mobilevitv2_050,pure,42,1,WxtbjNsCQ8A,0.6362460255622864
tvsum,mobilevitv2_050,pure,42,1,XkqCExn6_Us,0.4425339698791504
tvsum,mobilevitv2_050,pure,42,1,akI8YFjEmUw,0.4402860701084137
tvsum,mobilevitv2_050,pure,42,1,byxOvuiIJV0,0.5485366582870483
tvsum,mobilevitv2_050,pure,42,1,jcoYJXDG9sw,0.47991275787353516
tvsum,mobilevitv2_050,pure,42,1,vdmoEJ5YbrQ,0.5221512317657471
tvsum,mobilevitv2_050,pure,42,1,xxdtq8mxegs,0.6711122393608093
tvsum,mobilevitv2_050,pure,42,2,3eYKfiOEJNs,0.5451764464378357
tvsum,mobilevitv2_050,pure,42,2,4wU_LUjG5Ic,0.49262577295303345
tvsum,mobilevitv2_050,pure,42,2,98MoyGZKHXc,0.6476097702980042
tvsum,mobilevitv2_050,pure,42,2,Bhxk-O1Y7Ho,0.6707173585891724
tvsum,mobilevitv2_050,pure,42,2,GsAD1KT1xo8,0.5382088422775269
tvsum,mobilevitv2_050,pure,42,2,J0nA4VgnoCo,0.6281470656394958
tvsum,mobilevitv2_050,pure,42,2,i3wAGJaaktw,0.6431514024734497
tvsum,mobilevitv2_050,pure,42,2,oDXZc0tZe04,0.5380929112434387
tvsum,mobilevitv2_050,pure,42,2,xmEERLqJ2kU,0.5626529455184937
tvsum,mobilevitv2_050,pure,42,2,xwqBXPGE9pQ,0.5755031108856201
tvsum,mobilevitv2_050,pure,42,3,-esJrBWj2d8,0.48330336809158325
tvsum,mobilevitv2_050,pure,42,3,91IHQYk1IQM,0.5043003559112549
tvsum,mobilevitv2_050,pure,42,3,E11zDS9XGzg,0.5571452975273132
tvsum,mobilevitv2_050,pure,42,3,JKpqYvAdIsw,0.5463643670082092
tvsum,mobilevitv2_050,pure,42,3,WG0MBPpPC6I,0.5051577091217041
tvsum,mobilevitv2_050,pure,42,3,XzYM3PfTM4w,0.6463217735290527
tvsum,mobilevitv2_050,pure,42,3,b626MiF1ew4,0.5666956901550293
tvsum,mobilevitv2_050,pure,42,3,cjibtmSLxQ4,0.4469940662384033
tvsum,mobilevitv2_050,pure,42,3,eQu1rNs0an0,0.6063398718833923
tvsum,mobilevitv2_050,pure,42,3,uGu_10sucQo,0.43659335374832153
tvsum,mobilevitv2_050,pure,42,4,0tmA_C6XwfM,0.4452540874481201
tvsum,mobilevitv2_050,pure,42,4,37rzWOQsNIw,0.5282433032989502
tvsum,mobilevitv2_050,pure,42,4,EYqVtI9YWJA,0.6986116170883179
tvsum,mobilevitv2_050,pure,42,4,RBCABdttQmI,0.3803791403770447
tvsum,mobilevitv2_050,pure,42,4,VuWGsYPqAX8,0.669222354888916
tvsum,mobilevitv2_050,pure,42,4,_xMr-HKMfVA,0.541216254234314
tvsum,mobilevitv2_050,pure,42,4,fWutDQy1nnY,0.5603057146072388
tvsum,mobilevitv2_050,pure,42,4,gzDbaEs1Rlg,0.5527012944221497
tvsum,mobilevitv2_050,pure,42,4,kLxoNp-UchI,0.4193804860115051
tvsum,mobilevitv2_050,pure,42,4,sTEELN-vY30,0.5466989874839783
tvsum,mobilevitv2_050,pure,42,5,AwmHb44_ouw,0.6213380098342896
tvsum,mobilevitv2_050,pure,42,5,EE-bNr36nyA,0.48851388692855835
tvsum,mobilevitv2_050,pure,42,5,Hl-__g2gn_A,0.634743869304657
tvsum,mobilevitv2_050,pure,42,5,LRw_obCPUt0,0.5589885115623474
tvsum,mobilevitv2_050,pure,42,5,PJrm840pAUI,0.4104515016078949
tvsum,mobilevitv2_050,pure,42,5,Se3oxnaPsz0,0.4901067614555359
tvsum,mobilevitv2_050,pure,42,5,Yi4Ij2NM7U4,0.7329205870628357
tvsum,mobilevitv2_050,pure,42,5,iVt07TCkFM0,0.7269130617380142
tvsum,mobilevitv2_050,pure,42,5,qqR6AEXwxoQ,0.7717157602310181
tvsum,mobilevitv2_050,pure,42,5,z_6gVvQb2d0,0.4391854703426361
tvsum,mobilevitv2_050,pure,43,1,HT5vyqe0Xaw,0.6069839596748352
tvsum,mobilevitv2_050,pure,43,1,JgHubY5Vw3Y,0.7138766050338745
tvsum,mobilevitv2_050,pure,43,1,NyBmCxDoHJU,0.46920594573020935
tvsum,mobilevitv2_050,pure,43,1,WxtbjNsCQ8A,0.6394549608230591
tvsum,mobilevitv2_050,pure,43,1,XkqCExn6_Us,0.4202750623226166
tvsum,mobilevitv2_050,pure,43,1,akI8YFjEmUw,0.4205217957496643
tvsum,mobilevitv2_050,pure,43,1,byxOvuiIJV0,0.47622591257095337
tvsum,mobilevitv2_050,pure,43,1,jcoYJXDG9sw,0.4798847734928131
tvsum,mobilevitv2_050,pure,43,1,vdmoEJ5YbrQ,0.4454047679901123
tvsum,mobilevitv2_050,pure,43,1,xxdtq8mxegs,0.7192997336387634
tvsum,mobilevitv2_050,pure,43,2,3eYKfiOEJNs,0.4246789515018463
tvsum,mobilevitv2_050,pure,43,2,4wU_LUjG5Ic,0.48719358444213867
tvsum,mobilevitv2_050,pure,43,2,98MoyGZKHXc,0.5364751219749451
tvsum,mobilevitv2_050,pure,43,2,Bhxk-O1Y7Ho,0.6020393967628479
tvsum,mobilevitv2_050,pure,43,2,GsAD1KT1xo8,0.5583250522613525
tvsum,mobilevitv2_050,pure,43,2,J0nA4VgnoCo,0.5881299376487732
tvsum,mobilevitv2_050,pure,43,2,i3wAGJaaktw,0.679935097694397
tvsum,mobilevitv2_050,pure,43,2,oDXZc0tZe04,0.4991248548030853
tvsum,mobilevitv2_050,pure,43,2,xmEERLqJ2kU,0.5668562650680542
tvsum,mobilevitv2_050,pure,43,2,xwqBXPGE9pQ,0.625272810459137
tvsum,mobilevitv2_050,pure,43,3,-esJrBWj2d8,0.5496082901954651
tvsum,mobilevitv2_050,pure,43,3,91IHQYk1IQM,0.5944706201553345
tvsum,mobilevitv2_050,pure,43,3,E11zDS9XGzg,0.491455078125
tvsum,mobilevitv2_050,pure,43,3,JKpqYvAdIsw,0.5348281264305115
tvsum,mobilevitv2_050,pure,43,3,WG0MBPpPC6I,0.5690053701400757
tvsum,mobilevitv2_050,pure,43,3,XzYM3PfTM4w,0.660819947719574
tvsum,mobilevitv2_050,pure,43,3,b626MiF1ew4,0.5305596590042114
tvsum,mobilevitv2_050,pure,43,3,cjibtmSLxQ4,0.45351067185401917
tvsum,mobilevitv2_050,pure,43,3,eQu1rNs0an0,0.7104626893997192
tvsum,mobilevitv2_050,pure,43,3,uGu_10sucQo,0.44245749711990356
tvsum,mobilevitv2_050,pure,43,4,0tmA_C6XwfM,0.45621004700660706
tvsum,mobilevitv2_050,pure,43,4,37rzWOQsNIw,0.5422595143318176
tvsum,mobilevitv2_050,pure,43,4,EYqVtI9YWJA,0.5531131029129028
tvsum,mobilevitv2_050,pure,43,4,RBCABdttQmI,0.43546658754348755
tvsum,mobilevitv2_050,pure,43,4,VuWGsYPqAX8,0.669222354888916
tvsum,mobilevitv2_050,pure,43,4,_xMr-HKMfVA,0.5801442861557007
tvsum,mobilevitv2_050,pure,43,4,fWutDQy1nnY,0.4424656331539154
tvsum,mobilevitv2_050,pure,43,4,gzDbaEs1Rlg,0.6288934946060181
tvsum,mobilevitv2_050,pure,43,4,kLxoNp-UchI,0.4193804860115051
tvsum,mobilevitv2_050,pure,43,4,sTEELN-vY30,0.57844078540802
tvsum,mobilevitv2_050,pure,43,5,AwmHb44_ouw,0.5565144419670105
tvsum,mobilevitv2_050,pure,43,5,EE-bNr36nyA,0.41423505544662476
tvsum,mobilevitv2_050,pure,43,5,Hl-__g2gn_A,0.634743869304657
tvsum,mobilevitv2_050,pure,43,5,LRw_obCPUt0,0.5261762738227844
tvsum,mobilevitv2_050,pure,43,5,PJrm840pAUI,0.45215120911598206
tvsum,mobilevitv2_050,pure,43,5,Se3oxnaPsz0,0.4072837233543396
tvsum,mobilevitv2_050,pure,43,5,Yi4Ij2NM7U4,0.7282761335372925
tvsum,mobilevitv2_050,pure,43,5,iVt07TCkFM0,0.7269130617380142
tvsum,mobilevitv2_050,pure,43,5,qqR6AEXwxoQ,0.7672423720359802
tvsum,mobilevitv2_050,pure,43,5,z_6gVvQb2d0,0.5575639605522156
tvsum,mobilevitv2_050,pure,44,1,HT5vyqe0Xaw,0.5679458379745483
tvsum,mobilevitv2_050,pure,44,1,JgHubY5Vw3Y,0.7138766050338745
tvsum,mobilevitv2_050,pure,44,1,NyBmCxDoHJU,0.374418705701828
tvsum,mobilevitv2_050,pure,44,1,WxtbjNsCQ8A,0.6574698686599731
tvsum,mobilevitv2_050,pure,44,1,XkqCExn6_Us,0.47601422667503357
tvsum,mobilevitv2_050,pure,44,1,akI8YFjEmUw,0.43622955679893494
tvsum,mobilevitv2_050,pure,44,1,byxOvuiIJV0,0.5322229862213135
tvsum,mobilevitv2_050,pure,44,1,jcoYJXDG9sw,0.5022991299629211
tvsum,mobilevitv2_050,pure,44,1,vdmoEJ5YbrQ,0.4816761016845703
tvsum,mobilevitv2_050,pure,44,1,xxdtq8mxegs,0.7524257302284241
tvsum,mobilevitv2_050,pure,44,2,3eYKfiOEJNs,0.5270984172821045
tvsum,mobilevitv2_050,pure,44,2,4wU_LUjG5Ic,0.48719358444213867
tvsum,mobilevitv2_050,pure,44,2,98MoyGZKHXc,0.5632916688919067
tvsum,mobilevitv2_050,pure,44,2,Bhxk-O1Y7Ho,0.6537571549415588
tvsum,mobilevitv2_050,pure,44,2,GsAD1KT1xo8,0.6155260801315308
tvsum,mobilevitv2_050,pure,44,2,J0nA4VgnoCo,0.6116713881492615
tvsum,mobilevitv2_050,pure,44,2,i3wAGJaaktw,0.6535026431083679
tvsum,mobilevitv2_050,pure,44,2,oDXZc0tZe04,0.5612527132034302
tvsum,mobilevitv2_050,pure,44,2,xmEERLqJ2kU,0.5798840522766113
tvsum,mobilevitv2_050,pure,44,2,xwqBXPGE9pQ,0.6206005811691284
tvsum,mobilevitv2_050,pure,44,3,-esJrBWj2d8,0.5089290142059326
tvsum,mobilevitv2_050,pure,44,3,91IHQYk1IQM,0.595573365688324
tvsum,mobilevitv2_050,pure,44,3,E11zDS9XGzg,0.5123036503791809
tvsum,mobilevitv2_050,pure,44,3,JKpqYvAdIsw,0.5674464702606201
tvsum,mobilevitv2_050,pure,44,3,WG0MBPpPC6I,0.5453736782073975
tvsum,mobilevitv2_050,pure,44,3,XzYM3PfTM4w,0.6432461738586426
tvsum,mobilevitv2_050,pure,44,3,b626MiF1ew4,0.5666956901550293
tvsum,mobilevitv2_050,pure,44,3,cjibtmSLxQ4,0.4220969080924988
tvsum,mobilevitv2_050,pure,44,3,eQu1rNs0an0,0.657417893409729
tvsum,mobilevitv2_050,pure,44,3,uGu_10sucQo,0.4277685936540365
tvsum,mobilevitv2_050,pure,44,4,0tmA_C6XwfM,0.43546420335769653
tvsum,mobilevitv2_050,pure,44,4,37rzWOQsNIw,0.5290647745132446
tvsum,mobilevitv2_050,pure,44,4,EYqVtI9YWJA,0.6434906125068665
tvsum,mobilevitv2_050,pure,44,4,RBCABdttQmI,0.39335542917251587
tvsum,mobilevitv2_050,pure,44,4,VuWGsYPqAX8,0.6479235887527466
tvsum,mobilevitv2_050,pure,44,4,_xMr-HKMfVA,0.46314793825149536
tvsum,mobilevitv2_050,pure,44,4,fWutDQy1nnY,0.5510482788085938
tvsum,mobilevitv2_050,pure,44,4,gzDbaEs1Rlg,0.5527012944221497
tvsum,mobilevitv2_050,pure,44,4,kLxoNp-UchI,0.4193804860115051
tvsum,mobilevitv2_050,pure,44,4,sTEELN-vY30,0.5845426917076111
tvsum,mobilevitv2_050,pure,44,5,AwmHb44_ouw,0.5568354725837708
tvsum,mobilevitv2_050,pure,44,5,EE-bNr36nyA,0.23840078711509705
tvsum,mobilevitv2_050,pure,44,5,Hl-__g2gn_A,0.6132736206054688
tvsum,mobilevitv2_050,pure,44,5,LRw_obCPUt0,0.594502329826355
tvsum,mobilevitv2_050,pure,44,5,PJrm840pAUI,0.35843175649642944
tvsum,mobilevitv2_050,pure,44,5,Se3oxnaPsz0,0.5120037794113159
tvsum,mobilevitv2_050,pure,44,5,Yi4Ij2NM7U4,0.7421939373016357
tvsum,mobilevitv2_050,pure,44,5,iVt07TCkFM0,0.7269130617380142
tvsum,mobilevitv2_050,pure,44,5,qqR6AEXwxoQ,0.7717157602310181
tvsum,mobilevitv2_050,pure,44,5,z_6gVvQb2d0,0.45969295501708984
tvsum,mobilevitv2_050,surgery_only,42,1,HT5vyqe0Xaw,0.5786715745925903
tvsum,mobilevitv2_050,surgery_only,42,1,JgHubY5Vw3Y,0.7138766050338745
tvsum,mobilevitv2_050,surgery_only,42,1,NyBmCxDoHJU,0.519710898399353
tvsum,mobilevitv2_050,surgery_only,42,1,WxtbjNsCQ8A,0.6321873068809509
tvsum,mobilevitv2_050,surgery_only,42,1,XkqCExn6_Us,0.5194357633590698
tvsum,mobilevitv2_050,surgery_only,42,1,akI8YFjEmUw,0.4655023217201233
tvsum,mobilevitv2_050,surgery_only,42,1,byxOvuiIJV0,0.5322229862213135
tvsum,mobilevitv2_050,surgery_only,42,1,jcoYJXDG9sw,0.5562740564346313
tvsum,mobilevitv2_050,surgery_only,42,1,vdmoEJ5YbrQ,0.5375626683235168
tvsum,mobilevitv2_050,surgery_only,42,1,xxdtq8mxegs,0.6799206733703613
tvsum,mobilevitv2_050,surgery_only,42,2,3eYKfiOEJNs,0.5397316813468933
tvsum,mobilevitv2_050,surgery_only,42,2,4wU_LUjG5Ic,0.5153911113739014
tvsum,mobilevitv2_050,surgery_only,42,2,98MoyGZKHXc,0.5215089917182922
tvsum,mobilevitv2_050,surgery_only,42,2,Bhxk-O1Y7Ho,0.6361904144287109
tvsum,mobilevitv2_050,surgery_only,42,2,GsAD1KT1xo8,0.5235320329666138
tvsum,mobilevitv2_050,surgery_only,42,2,J0nA4VgnoCo,0.650239884853363
tvsum,mobilevitv2_050,surgery_only,42,2,i3wAGJaaktw,0.7155799269676208
tvsum,mobilevitv2_050,surgery_only,42,2,oDXZc0tZe04,0.561682939529419
tvsum,mobilevitv2_050,surgery_only,42,2,xmEERLqJ2kU,0.6257658004760742
tvsum,mobilevitv2_050,surgery_only,42,2,xwqBXPGE9pQ,0.6415261030197144
tvsum,mobilevitv2_050,surgery_only,42,3,-esJrBWj2d8,0.48330336809158325
tvsum,mobilevitv2_050,surgery_only,42,3,91IHQYk1IQM,0.5944706201553345
tvsum,mobilevitv2_050,surgery_only,42,3,E11zDS9XGzg,0.5944054126739502
tvsum,mobilevitv2_050,surgery_only,42,3,JKpqYvAdIsw,0.673088550567627
tvsum,mobilevitv2_050,surgery_only,42,3,WG0MBPpPC6I,0.6454037427902222
tvsum,mobilevitv2_050,surgery_only,42,3,XzYM3PfTM4w,0.5752032995223999
tvsum,mobilevitv2_050,surgery_only,42,3,b626MiF1ew4,0.5487738847732544
tvsum,mobilevitv2_050,surgery_only,42,3,cjibtmSLxQ4,0.514026403427124
tvsum,mobilevitv2_050,surgery_only,42,3,eQu1rNs0an0,0.6349880695343018
tvsum,mobilevitv2_050,surgery_only,42,3,uGu_10sucQo,0.4506184458732605
tvsum,mobilevitv2_050,surgery_only,42,4,0tmA_C6XwfM,0.5511276125907898
tvsum,mobilevitv2_050,surgery_only,42,4,37rzWOQsNIw,0.5886417031288147
tvsum,mobilevitv2_050,surgery_only,42,4,EYqVtI9YWJA,0.6986116170883179
tvsum,mobilevitv2_050,surgery_only,42,4,RBCABdttQmI,0.551289439201355
tvsum,mobilevitv2_050,surgery_only,42,4,VuWGsYPqAX8,0.669222354888916
tvsum,mobilevitv2_050,surgery_only,42,4,_xMr-HKMfVA,0.6704065203666687
tvsum,mobilevitv2_050,surgery_only,42,4,fWutDQy1nnY,0.5128344297409058
tvsum,mobilevitv2_050,surgery_only,42,4,gzDbaEs1Rlg,0.6265441179275513
tvsum,mobilevitv2_050,surgery_only,42,4,kLxoNp-UchI,0.5037392973899841
tvsum,mobilevitv2_050,surgery_only,42,4,sTEELN-vY30,0.6002906560897827
tvsum,mobilevitv2_050,surgery_only,42,5,AwmHb44_ouw,0.6658240556716919
tvsum,mobilevitv2_050,surgery_only,42,5,EE-bNr36nyA,0.41423505544662476
tvsum,mobilevitv2_050,surgery_only,42,5,Hl-__g2gn_A,0.634743869304657
tvsum,mobilevitv2_050,surgery_only,42,5,LRw_obCPUt0,0.5646020174026489
tvsum,mobilevitv2_050,surgery_only,42,5,PJrm840pAUI,0.506156861782074
tvsum,mobilevitv2_050,surgery_only,42,5,Se3oxnaPsz0,0.45805829763412476
tvsum,mobilevitv2_050,surgery_only,42,5,Yi4Ij2NM7U4,0.7162197828292847
tvsum,mobilevitv2_050,surgery_only,42,5,iVt07TCkFM0,0.7269130617380142
tvsum,mobilevitv2_050,surgery_only,42,5,qqR6AEXwxoQ,0.7672423720359802
tvsum,mobilevitv2_050,surgery_only,42,5,z_6gVvQb2d0,0.5425146818161011
tvsum,mobilevitv2_050,surgery_only,43,1,HT5vyqe0Xaw,0.5120499134063721
tvsum,mobilevitv2_050,surgery_only,43,1,JgHubY5Vw3Y,0.7138766050338745
tvsum,mobilevitv2_050,surgery_only,43,1,NyBmCxDoHJU,0.5413417220115662
tvsum,mobilevitv2_050,surgery_only,43,1,WxtbjNsCQ8A,0.6732741594314575
tvsum,mobilevitv2_050,surgery_only,43,1,XkqCExn6_Us,0.5307863354682922
tvsum,mobilevitv2_050,surgery_only,43,1,akI8YFjEmUw,0.43622955679893494
tvsum,mobilevitv2_050,surgery_only,43,1,byxOvuiIJV0,0.5603883266448975
tvsum,mobilevitv2_050,surgery_only,43,1,jcoYJXDG9sw,0.5562740564346313
tvsum,mobilevitv2_050,surgery_only,43,1,vdmoEJ5YbrQ,0.5188735127449036
tvsum,mobilevitv2_050,surgery_only,43,1,xxdtq8mxegs,0.7524257302284241
tvsum,mobilevitv2_050,surgery_only,43,2,3eYKfiOEJNs,0.5589820742607117
tvsum,mobilevitv2_050,surgery_only,43,2,4wU_LUjG5Ic,0.5227235555648804
tvsum,mobilevitv2_050,surgery_only,43,2,98MoyGZKHXc,0.5442389249801636
tvsum,mobilevitv2_050,surgery_only,43,2,Bhxk-O1Y7Ho,0.641977071762085
tvsum,mobilevitv2_050,surgery_only,43,2,GsAD1KT1xo8,0.5583250522613525
tvsum,mobilevitv2_050,surgery_only,43,2,J0nA4VgnoCo,0.6230591535568237
tvsum,mobilevitv2_050,surgery_only,43,2,i3wAGJaaktw,0.7284271717071533
tvsum,mobilevitv2_050,surgery_only,43,2,oDXZc0tZe04,0.5584501028060913
tvsum,mobilevitv2_050,surgery_only,43,2,xmEERLqJ2kU,0.6482394337654114
tvsum,mobilevitv2_050,surgery_only,43,2,xwqBXPGE9pQ,0.5688212513923645
tvsum,mobilevitv2_050,surgery_only,43,3,-esJrBWj2d8,0.5587116479873657
tvsum,mobilevitv2_050,surgery_only,43,3,91IHQYk1IQM,0.5944706201553345
tvsum,mobilevitv2_050,surgery_only,43,3,E11zDS9XGzg,0.5348119735717773
tvsum,mobilevitv2_050,surgery_only,43,3,JKpqYvAdIsw,0.673088550567627
tvsum,mobilevitv2_050,surgery_only,43,3,WG0MBPpPC6I,0.6454037427902222
tvsum,mobilevitv2_050,surgery_only,43,3,XzYM3PfTM4w,0.5554909706115723
tvsum,mobilevitv2_050,surgery_only,43,3,b626MiF1ew4,0.5488637089729309
tvsum,mobilevitv2_050,surgery_only,43,3,cjibtmSLxQ4,0.42819032073020935
tvsum,mobilevitv2_050,surgery_only,43,3,eQu1rNs0an0,0.6349880695343018
tvsum,mobilevitv2_050,surgery_only,43,3,uGu_10sucQo,0.4753921926021576
tvsum,mobilevitv2_050,surgery_only,43,4,0tmA_C6XwfM,0.5511276125907898
tvsum,mobilevitv2_050,surgery_only,43,4,37rzWOQsNIw,0.5924039483070374
tvsum,mobilevitv2_050,surgery_only,43,4,EYqVtI9YWJA,0.6986116170883179
tvsum,mobilevitv2_050,surgery_only,43,4,RBCABdttQmI,0.4768744111061096
tvsum,mobilevitv2_050,surgery_only,43,4,VuWGsYPqAX8,0.6591675281524658
tvsum,mobilevitv2_050,surgery_only,43,4,_xMr-HKMfVA,0.45758065581321716
tvsum,mobilevitv2_050,surgery_only,43,4,fWutDQy1nnY,0.518388032913208
tvsum,mobilevitv2_050,surgery_only,43,4,gzDbaEs1Rlg,0.5847887992858887
tvsum,mobilevitv2_050,surgery_only,43,4,kLxoNp-UchI,0.5037392973899841
tvsum,mobilevitv2_050,surgery_only,43,4,sTEELN-vY30,0.6002906560897827
tvsum,mobilevitv2_050,surgery_only,43,5,AwmHb44_ouw,0.664116382598877
tvsum,mobilevitv2_050,surgery_only,43,5,EE-bNr36nyA,0.41423505544662476
tvsum,mobilevitv2_050,surgery_only,43,5,Hl-__g2gn_A,0.634743869304657
tvsum,mobilevitv2_050,surgery_only,43,5,LRw_obCPUt0,0.557910680770874
tvsum,mobilevitv2_050,surgery_only,43,5,PJrm840pAUI,0.5147657990455627
tvsum,mobilevitv2_050,surgery_only,43,5,Se3oxnaPsz0,0.45805829763412476
tvsum,mobilevitv2_050,surgery_only,43,5,Yi4Ij2NM7U4,0.7335329055786133
tvsum,mobilevitv2_050,surgery_only,43,5,iVt07TCkFM0,0.7269130617380142
tvsum,mobilevitv2_050,surgery_only,43,5,qqR6AEXwxoQ,0.7672423720359802
tvsum,mobilevitv2_050,surgery_only,43,5,z_6gVvQb2d0,0.5402283668518066
tvsum,mobilevitv2_050,surgery_only,44,1,HT5vyqe0Xaw,0.5912279486656189
tvsum,mobilevitv2_050,surgery_only,44,1,JgHubY5Vw3Y,0.7138766050338745
tvsum,mobilevitv2_050,surgery_only,44,1,NyBmCxDoHJU,0.4297246038913727
tvsum,mobilevitv2_050,surgery_only,44,1,WxtbjNsCQ8A,0.6732741594314575
tvsum,mobilevitv2_050,surgery_only,44,1,XkqCExn6_Us,0.5183712244033813
tvsum,mobilevitv2_050,surgery_only,44,1,akI8YFjEmUw,0.43622955679893494
tvsum,mobilevitv2_050,surgery_only,44,1,byxOvuiIJV0,0.559207022190094
tvsum,mobilevitv2_050,surgery_only,44,1,jcoYJXDG9sw,0.5368078947067261
tvsum,mobilevitv2_050,surgery_only,44,1,vdmoEJ5YbrQ,0.5003148317337036
tvsum,mobilevitv2_050,surgery_only,44,1,xxdtq8mxegs,0.6711122393608093
tvsum,mobilevitv2_050,surgery_only,44,2,3eYKfiOEJNs,0.5825003385543823
tvsum,mobilevitv2_050,surgery_only,44,2,4wU_LUjG5Ic,0.5153911113739014
tvsum,mobilevitv2_050,surgery_only,44,2,98MoyGZKHXc,0.5593201518058777
tvsum,mobilevitv2_050,surgery_only,44,2,Bhxk-O1Y7Ho,0.6227383017539978
tvsum,mobilevitv2_050,surgery_only,44,2,GsAD1KT1xo8,0.5583250522613525
tvsum,mobilevitv2_050,surgery_only,44,2,J0nA4VgnoCo,0.6407148838043213
tvsum,mobilevitv2_050,surgery_only,44,2,i3wAGJaaktw,0.7155799269676208
tvsum,mobilevitv2_050,surgery_only,44,2,oDXZc0tZe04,0.5563584566116333
tvsum,mobilevitv2_050,surgery_only,44,2,xmEERLqJ2kU,0.6230625510215759
tvsum,mobilevitv2_050,surgery_only,44,2,xwqBXPGE9pQ,0.6163342595100403
tvsum,mobilevitv2_050,surgery_only,44,3,-esJrBWj2d8,0.5450659990310669
tvsum,mobilevitv2_050,surgery_only,44,3,91IHQYk1IQM,0.5944706201553345
tvsum,mobilevitv2_050,surgery_only,44,3,E11zDS9XGzg,0.5944054126739502
tvsum,mobilevitv2_050,surgery_only,44,3,JKpqYvAdIsw,0.673088550567627
tvsum,mobilevitv2_050,surgery_only,44,3,WG0MBPpPC6I,0.6454037427902222
tvsum,mobilevitv2_050,surgery_only,44,3,XzYM3PfTM4w,0.5752032995223999
tvsum,mobilevitv2_050,surgery_only,44,3,b626MiF1ew4,0.5488637089729309
tvsum,mobilevitv2_050,surgery_only,44,3,cjibtmSLxQ4,0.43813008069992065
tvsum,mobilevitv2_050,surgery_only,44,3,eQu1rNs0an0,0.6349880695343018
tvsum,mobilevitv2_050,surgery_only,44,3,uGu_10sucQo,0.4753921926021576
tvsum,mobilevitv2_050,surgery_only,44,4,0tmA_C6XwfM,0.5585670471191406
tvsum,mobilevitv2_050,surgery_only,44,4,37rzWOQsNIw,0.5963246822357178
tvsum,mobilevitv2_050,surgery_only,44,4,EYqVtI9YWJA,0.6986116170883179
tvsum,mobilevitv2_050,surgery_only,44,4,RBCABdttQmI,0.4547398090362549
tvsum,mobilevitv2_050,surgery_only,44,4,VuWGsYPqAX8,0.669222354888916
tvsum,mobilevitv2_050,surgery_only,44,4,_xMr-HKMfVA,0.6704065203666687
tvsum,mobilevitv2_050,surgery_only,44,4,fWutDQy1nnY,0.5164054036140442
tvsum,mobilevitv2_050,surgery_only,44,4,gzDbaEs1Rlg,0.6378999948501587
tvsum,mobilevitv2_050,surgery_only,44,4,kLxoNp-UchI,0.4193804860115051
tvsum,mobilevitv2_050,surgery_only,44,4,sTEELN-vY30,0.5490623712539673
tvsum,mobilevitv2_050,surgery_only,44,5,AwmHb44_ouw,0.664116382598877
tvsum,mobilevitv2_050,surgery_only,44,5,EE-bNr36nyA,0.5195211172103882
tvsum,mobilevitv2_050,surgery_only,44,5,Hl-__g2gn_A,0.634743869304657
tvsum,mobilevitv2_050,surgery_only,44,5,LRw_obCPUt0,0.5230151414871216
tvsum,mobilevitv2_050,surgery_only,44,5,PJrm840pAUI,0.4176296591758728
tvsum,mobilevitv2_050,surgery_only,44,5,Se3oxnaPsz0,0.45805829763412476
tvsum,mobilevitv2_050,surgery_only,44,5,Yi4Ij2NM7U4,0.7269312739372253
tvsum,mobilevitv2_050,surgery_only,44,5,iVt07TCkFM0,0.7269130617380142
tvsum,mobilevitv2_050,surgery_only,44,5,qqR6AEXwxoQ,0.8442351222038269
tvsum,mobilevitv2_050,surgery_only,44,5,z_6gVvQb2d0,0.6140562891960144
tvsum,mobilevitv2_050,full_temporal,42,1,HT5vyqe0Xaw,0.592886745929718
tvsum,mobilevitv2_050,full_temporal,42,1,JgHubY5Vw3Y,0.7138766050338745
tvsum,mobilevitv2_050,full_temporal,42,1,NyBmCxDoHJU,0.46920594573020935
tvsum,mobilevitv2_050,full_temporal,42,1,WxtbjNsCQ8A,0.5666846632957458
tvsum,mobilevitv2_050,full_temporal,42,1,XkqCExn6_Us,0.44954386353492737
tvsum,mobilevitv2_050,full_temporal,42,1,akI8YFjEmUw,0.4205217957496643
tvsum,mobilevitv2_050,full_temporal,42,1,byxOvuiIJV0,0.48101121187210083
tvsum,mobilevitv2_050,full_temporal,42,1,jcoYJXDG9sw,0.5523687601089478
tvsum,mobilevitv2_050,full_temporal,42,1,vdmoEJ5YbrQ,0.464926153421402
tvsum,mobilevitv2_050,full_temporal,42,1,xxdtq8mxegs,0.6711122393608093
tvsum,mobilevitv2_050,full_temporal,42,2,3eYKfiOEJNs,0.5270984172821045
tvsum,mobilevitv2_050,full_temporal,42,2,4wU_LUjG5Ic,0.48719358444213867
tvsum,mobilevitv2_050,full_temporal,42,2,98MoyGZKHXc,0.5981834530830383
tvsum,mobilevitv2_050,full_temporal,42,2,Bhxk-O1Y7Ho,0.6451284289360046
tvsum,mobilevitv2_050,full_temporal,42,2,GsAD1KT1xo8,0.5583250522613525
tvsum,mobilevitv2_050,full_temporal,42,2,J0nA4VgnoCo,0.626741349697113
tvsum,mobilevitv2_050,full_temporal,42,2,i3wAGJaaktw,0.6535026431083679
tvsum,mobilevitv2_050,full_temporal,42,2,oDXZc0tZe04,0.5295276045799255
tvsum,mobilevitv2_050,full_temporal,42,2,xmEERLqJ2kU,0.5822039842605591
tvsum,mobilevitv2_050,full_temporal,42,2,xwqBXPGE9pQ,0.6523297429084778
tvsum,mobilevitv2_050,full_temporal,42,3,-esJrBWj2d8,0.5162204504013062
tvsum,mobilevitv2_050,full_temporal,42,3,91IHQYk1IQM,0.5944706201553345
tvsum,mobilevitv2_050,full_temporal,42,3,E11zDS9XGzg,0.5313378572463989
tvsum,mobilevitv2_050,full_temporal,42,3,JKpqYvAdIsw,0.5348281264305115
tvsum,mobilevitv2_050,full_temporal,42,3,WG0MBPpPC6I,0.43439245223999023
tvsum,mobilevitv2_050,full_temporal,42,3,XzYM3PfTM4w,0.5752032995223999
tvsum,mobilevitv2_050,full_temporal,42,3,b626MiF1ew4,0.5305596590042114
tvsum,mobilevitv2_050,full_temporal,42,3,cjibtmSLxQ4,0.43555188179016113
tvsum,mobilevitv2_050,full_temporal,42,3,eQu1rNs0an0,0.657417893409729
tvsum,mobilevitv2_050,full_temporal,42,3,uGu_10sucQo,0.4277685936540365
tvsum,mobilevitv2_050,full_temporal,42,4,0tmA_C6XwfM,0.4685136377811432
tvsum,mobilevitv2_050,full_temporal,42,4,37rzWOQsNIw,0.48472079634666443
tvsum,mobilevitv2_050,full_temporal,42,4,EYqVtI9YWJA,0.6498509645462036
tvsum,mobilevitv2_050,full_temporal,42,4,RBCABdttQmI,0.4777635633945465
tvsum,mobilevitv2_050,full_temporal,42,4,VuWGsYPqAX8,0.646271824836731
tvsum,mobilevitv2_050,full_temporal,42,4,_xMr-HKMfVA,0.4891837537288666
tvsum,mobilevitv2_050,full_temporal,42,4,fWutDQy1nnY,0.5692130327224731
tvsum,mobilevitv2_050,full_temporal,42,4,gzDbaEs1Rlg,0.5493817925453186
tvsum,mobilevitv2_050,full_temporal,42,4,kLxoNp-UchI,0.4887765347957611
tvsum,mobilevitv2_050,full_temporal,42,4,sTEELN-vY30,0.588170051574707
tvsum,mobilevitv2_050,full_temporal,42,5,AwmHb44_ouw,0.5956458449363708
tvsum,mobilevitv2_050,full_temporal,42,5,EE-bNr36nyA,0.2783985733985901
tvsum,mobilevitv2_050,full_temporal,42,5,Hl-__g2gn_A,0.6389408707618713
tvsum,mobilevitv2_050,full_temporal,42,5,LRw_obCPUt0,0.5658607482910156
tvsum,mobilevitv2_050,full_temporal,42,5,PJrm840pAUI,0.42098313570022583
tvsum,mobilevitv2_050,full_temporal,42,5,Se3oxnaPsz0,0.43543654680252075
tvsum,mobilevitv2_050,full_temporal,42,5,Yi4Ij2NM7U4,0.7329205870628357
tvsum,mobilevitv2_050,full_temporal,42,5,iVt07TCkFM0,0.7269130617380142
tvsum,mobilevitv2_050,full_temporal,42,5,qqR6AEXwxoQ,0.7863458395004272
tvsum,mobilevitv2_050,full_temporal,42,5,z_6gVvQb2d0,0.4514060616493225
tvsum,mobilevitv2_050,full_temporal,43,1,HT5vyqe0Xaw,0.519154965877533
tvsum,mobilevitv2_050,full_temporal,43,1,JgHubY5Vw3Y,0.7138766050338745
tvsum,mobilevitv2_050,full_temporal,43,1,NyBmCxDoHJU,0.3349703848361969
tvsum,mobilevitv2_050,full_temporal,43,1,WxtbjNsCQ8A,0.5900220274925232
tvsum,mobilevitv2_050,full_temporal,43,1,XkqCExn6_Us,0.46543067693710327
tvsum,mobilevitv2_050,full_temporal,43,1,akI8YFjEmUw,0.4655023217201233
tvsum,mobilevitv2_050,full_temporal,43,1,byxOvuiIJV0,0.5240992307662964
tvsum,mobilevitv2_050,full_temporal,43,1,jcoYJXDG9sw,0.5787032842636108
tvsum,mobilevitv2_050,full_temporal,43,1,vdmoEJ5YbrQ,0.5055793523788452
tvsum,mobilevitv2_050,full_temporal,43,1,xxdtq8mxegs,0.6711122393608093
tvsum,mobilevitv2_050,full_temporal,43,2,3eYKfiOEJNs,0.5587654709815979
tvsum,mobilevitv2_050,full_temporal,43,2,4wU_LUjG5Ic,0.5451222658157349
tvsum,mobilevitv2_050,full_temporal,43,2,98MoyGZKHXc,0.46785983443260193
tvsum,mobilevitv2_050,full_temporal,43,2,Bhxk-O1Y7Ho,0.6121841669082642
tvsum,mobilevitv2_050,full_temporal,43,2,GsAD1KT1xo8,0.5583250522613525
tvsum,mobilevitv2_050,full_temporal,43,2,J0nA4VgnoCo,0.59136962890625
tvsum,mobilevitv2_050,full_temporal,43,2,i3wAGJaaktw,0.7284271717071533
tvsum,mobilevitv2_050,full_temporal,43,2,oDXZc0tZe04,0.5398874878883362
tvsum,mobilevitv2_050,full_temporal,43,2,xmEERLqJ2kU,0.5851801037788391
tvsum,mobilevitv2_050,full_temporal,43,2,xwqBXPGE9pQ,0.5550411343574524
tvsum,mobilevitv2_050,full_temporal,43,3,-esJrBWj2d8,0.4744388461112976
tvsum,mobilevitv2_050,full_temporal,43,3,91IHQYk1IQM,0.5944706201553345
tvsum,mobilevitv2_050,full_temporal,43,3,E11zDS9XGzg,0.5619463920593262
tvsum,mobilevitv2_050,full_temporal,43,3,JKpqYvAdIsw,0.5071439743041992
tvsum,mobilevitv2_050,full_temporal,43,3,WG0MBPpPC6I,0.6759113073348999
tvsum,mobilevitv2_050,full_temporal,43,3,XzYM3PfTM4w,0.5679725408554077
tvsum,mobilevitv2_050,full_temporal,43,3,b626MiF1ew4,0.5003877878189087
tvsum,mobilevitv2_050,full_temporal,43,3,cjibtmSLxQ4,0.39620524644851685
tvsum,mobilevitv2_050,full_temporal,43,3,eQu1rNs0an0,0.6349880695343018
tvsum,mobilevitv2_050,full_temporal,43,3,uGu_10sucQo,0.44245749711990356
tvsum,mobilevitv2_050,full_temporal,43,4,0tmA_C6XwfM,0.4792402684688568
tvsum,mobilevitv2_050,full_temporal,43,4,37rzWOQsNIw,0.5450852513313293
tvsum,mobilevitv2_050,full_temporal,43,4,EYqVtI9YWJA,0.6986116170883179
tvsum,mobilevitv2_050,full_temporal,43,4,RBCABdttQmI,0.44801297783851624
tvsum,mobilevitv2_050,full_temporal,43,4,VuWGsYPqAX8,0.669222354888916
tvsum,mobilevitv2_050,full_temporal,43,4,_xMr-HKMfVA,0.3366859555244446
tvsum,mobilevitv2_050,full_temporal,43,4,fWutDQy1nnY,0.5422627925872803
tvsum,mobilevitv2_050,full_temporal,43,4,gzDbaEs1Rlg,0.5145277976989746
tvsum,mobilevitv2_050,full_temporal,43,4,kLxoNp-UchI,0.4193804860115051
tvsum,mobilevitv2_050,full_temporal,43,4,sTEELN-vY30,0.5956771373748779
tvsum,mobilevitv2_050,full_temporal,43,5,AwmHb44_ouw,0.6506999135017395
tvsum,mobilevitv2_050,full_temporal,43,5,EE-bNr36nyA,0.2783985733985901
tvsum,mobilevitv2_050,full_temporal,43,5,Hl-__g2gn_A,0.6389408707618713
tvsum,mobilevitv2_050,full_temporal,43,5,LRw_obCPUt0,0.5646020174026489
tvsum,mobilevitv2_050,full_temporal,43,5,PJrm840pAUI,0.4360063672065735
tvsum,mobilevitv2_050,full_temporal,43,5,Se3oxnaPsz0,0.5445601940155029
tvsum,mobilevitv2_050,full_temporal,43,5,Yi4Ij2NM7U4,0.6641404032707214
tvsum,mobilevitv2_050,full_temporal,43,5,iVt07TCkFM0,0.7269130617380142
tvsum,mobilevitv2_050,full_temporal,43,5,qqR6AEXwxoQ,0.7863458395004272
tvsum,mobilevitv2_050,full_temporal,43,5,z_6gVvQb2d0,0.5108540654182434
tvsum,mobilevitv2_050,full_temporal,44,1,HT5vyqe0Xaw,0.6279911994934082
tvsum,mobilevitv2_050,full_temporal,44,1,JgHubY5Vw3Y,0.7138766050338745
tvsum,mobilevitv2_050,full_temporal,44,1,NyBmCxDoHJU,0.3648916482925415
tvsum,mobilevitv2_050,full_temporal,44,1,WxtbjNsCQ8A,0.6187807321548462
tvsum,mobilevitv2_050,full_temporal,44,1,XkqCExn6_Us,0.46543067693710327
tvsum,mobilevitv2_050,full_temporal,44,1,akI8YFjEmUw,0.4205217957496643
tvsum,mobilevitv2_050,full_temporal,44,1,byxOvuiIJV0,0.6200059056282043
tvsum,mobilevitv2_050,full_temporal,44,1,jcoYJXDG9sw,0.5923766493797302
tvsum,mobilevitv2_050,full_temporal,44,1,vdmoEJ5YbrQ,0.47086817026138306
tvsum,mobilevitv2_050,full_temporal,44,1,xxdtq8mxegs,0.6711122393608093
tvsum,mobilevitv2_050,full_temporal,44,2,3eYKfiOEJNs,0.5270984172821045
tvsum,mobilevitv2_050,full_temporal,44,2,4wU_LUjG5Ic,0.48719358444213867
tvsum,mobilevitv2_050,full_temporal,44,2,98MoyGZKHXc,0.4700896739959717
tvsum,mobilevitv2_050,full_temporal,44,2,Bhxk-O1Y7Ho,0.6461899876594543
tvsum,mobilevitv2_050,full_temporal,44,2,GsAD1KT1xo8,0.5583250522613525
tvsum,mobilevitv2_050,full_temporal,44,2,J0nA4VgnoCo,0.6790133714675903
tvsum,mobilevitv2_050,full_temporal,44,2,i3wAGJaaktw,0.6535026431083679
tvsum,mobilevitv2_050,full_temporal,44,2,oDXZc0tZe04,0.5617307424545288
tvsum,mobilevitv2_050,full_temporal,44,2,xmEERLqJ2kU,0.6110059022903442
tvsum,mobilevitv2_050,full_temporal,44,2,xwqBXPGE9pQ,0.5550411343574524
tvsum,mobilevitv2_050,full_temporal,44,3,-esJrBWj2d8,0.48164471983909607
tvsum,mobilevitv2_050,full_temporal,44,3,91IHQYk1IQM,0.5410979986190796
tvsum,mobilevitv2_050,full_temporal,44,3,E11zDS9XGzg,0.5624192357063293
tvsum,mobilevitv2_050,full_temporal,44,3,JKpqYvAdIsw,0.5726951956748962
tvsum,mobilevitv2_050,full_temporal,44,3,WG0MBPpPC6I,0.6454037427902222
tvsum,mobilevitv2_050,full_temporal,44,3,XzYM3PfTM4w,0.6432461738586426
tvsum,mobilevitv2_050,full_temporal,44,3,b626MiF1ew4,0.5594476461410522
tvsum,mobilevitv2_050,full_temporal,44,3,cjibtmSLxQ4,0.4710167348384857
tvsum,mobilevitv2_050,full_temporal,44,3,eQu1rNs0an0,0.6349880695343018
tvsum,mobilevitv2_050,full_temporal,44,3,uGu_10sucQo,0.44245749711990356
tvsum,mobilevitv2_050,full_temporal,44,4,0tmA_C6XwfM,0.44428449869155884
tvsum,mobilevitv2_050,full_temporal,44,4,37rzWOQsNIw,0.45376890897750854
tvsum,mobilevitv2_050,full_temporal,44,4,EYqVtI9YWJA,0.6986116170883179
tvsum,mobilevitv2_050,full_temporal,44,4,RBCABdttQmI,0.3784666955471039
tvsum,mobilevitv2_050,full_temporal,44,4,VuWGsYPqAX8,0.646271824836731
tvsum,mobilevitv2_050,full_temporal,44,4,_xMr-HKMfVA,0.6732286810874939
tvsum,mobilevitv2_050,full_temporal,44,4,fWutDQy1nnY,0.5383669137954712
tvsum,mobilevitv2_050,full_temporal,44,4,gzDbaEs1Rlg,0.5811206102371216
tvsum,mobilevitv2_050,full_temporal,44,4,kLxoNp-UchI,0.5037392973899841
tvsum,mobilevitv2_050,full_temporal,44,4,sTEELN-vY30,0.5686842203140259
tvsum,mobilevitv2_050,full_temporal,44,5,AwmHb44_ouw,0.6012212038040161
tvsum,mobilevitv2_050,full_temporal,44,5,EE-bNr36nyA,0.47596636414527893
tvsum,mobilevitv2_050,full_temporal,44,5,Hl-__g2gn_A,0.634743869304657
tvsum,mobilevitv2_050,full_temporal,44,5,LRw_obCPUt0,0.5516225099563599
tvsum,mobilevitv2_050,full_temporal,44,5,PJrm840pAUI,0.4360063672065735
tvsum,mobilevitv2_050,full_temporal,44,5,Se3oxnaPsz0,0.4072837233543396
tvsum,mobilevitv2_050,full_temporal,44,5,Yi4Ij2NM7U4,0.7421939373016357
tvsum,mobilevitv2_050,full_temporal,44,5,iVt07TCkFM0,0.7269130617380142
tvsum,mobilevitv2_050,full_temporal,44,5,qqR6AEXwxoQ,0.7672423720359802
tvsum,mobilevitv2_050,full_temporal,44,5,z_6gVvQb2d0,0.5350516438484192
tvsum,mobilevitv2_050,proposed,42,1,HT5vyqe0Xaw,0.5568139553070068
tvsum,mobilevitv2_050,proposed,42,1,JgHubY5Vw3Y,0.7138766050338745
tvsum,mobilevitv2_050,proposed,42,1,NyBmCxDoHJU,0.519710898399353
tvsum,mobilevitv2_050,proposed,42,1,WxtbjNsCQ8A,0.6811633706092834
tvsum,mobilevitv2_050,proposed,42,1,XkqCExn6_Us,0.4963417947292328
tvsum,mobilevitv2_050,proposed,42,1,akI8YFjEmUw,0.4204644560813904
tvsum,mobilevitv2_050,proposed,42,1,byxOvuiIJV0,0.6114028692245483
tvsum,mobilevitv2_050,proposed,42,1,jcoYJXDG9sw,0.5368078947067261
tvsum,mobilevitv2_050,proposed,42,1,vdmoEJ5YbrQ,0.43748655915260315
tvsum,mobilevitv2_050,proposed,42,1,xxdtq8mxegs,0.524177074432373
tvsum,mobilevitv2_050,proposed,42,2,3eYKfiOEJNs,0.45575445890426636
tvsum,mobilevitv2_050,proposed,42,2,4wU_LUjG5Ic,0.31617432832717896
tvsum,mobilevitv2_050,proposed,42,2,98MoyGZKHXc,0.515184760093689
tvsum,mobilevitv2_050,proposed,42,2,Bhxk-O1Y7Ho,0.641977071762085
tvsum,mobilevitv2_050,proposed,42,2,GsAD1KT1xo8,0.6155260801315308
tvsum,mobilevitv2_050,proposed,42,2,J0nA4VgnoCo,0.6071369051933289
tvsum,mobilevitv2_050,proposed,42,2,i3wAGJaaktw,0.7155799269676208
tvsum,mobilevitv2_050,proposed,42,2,oDXZc0tZe04,0.5384633541107178
tvsum,mobilevitv2_050,proposed,42,2,xmEERLqJ2kU,0.5970255732536316
tvsum,mobilevitv2_050,proposed,42,2,xwqBXPGE9pQ,0.5831877589225769
tvsum,mobilevitv2_050,proposed,42,3,-esJrBWj2d8,0.5829378366470337
tvsum,mobilevitv2_050,proposed,42,3,91IHQYk1IQM,0.5363653898239136
tvsum,mobilevitv2_050,proposed,42,3,E11zDS9XGzg,0.493080198764801
tvsum,mobilevitv2_050,proposed,42,3,JKpqYvAdIsw,0.673088550567627
tvsum,mobilevitv2_050,proposed,42,3,WG0MBPpPC6I,0.6052386164665222
tvsum,mobilevitv2_050,proposed,42,3,XzYM3PfTM4w,0.44201594591140747
tvsum,mobilevitv2_050,proposed,42,3,b626MiF1ew4,0.5564131736755371
tvsum,mobilevitv2_050,proposed,42,3,cjibtmSLxQ4,0.4586432874202728
tvsum,mobilevitv2_050,proposed,42,3,eQu1rNs0an0,0.6349880695343018
tvsum,mobilevitv2_050,proposed,42,3,uGu_10sucQo,0.44245749711990356
tvsum,mobilevitv2_050,proposed,42,4,0tmA_C6XwfM,0.4920087456703186
tvsum,mobilevitv2_050,proposed,42,4,37rzWOQsNIw,0.5924039483070374
tvsum,mobilevitv2_050,proposed,42,4,EYqVtI9YWJA,0.5240691304206848
tvsum,mobilevitv2_050,proposed,42,4,RBCABdttQmI,0.396531879901886
tvsum,mobilevitv2_050,proposed,42,4,VuWGsYPqAX8,0.669222354888916
tvsum,mobilevitv2_050,proposed,42,4,_xMr-HKMfVA,0.4052256941795349
tvsum,mobilevitv2_050,proposed,42,4,fWutDQy1nnY,0.5155072212219238
tvsum,mobilevitv2_050,proposed,42,4,gzDbaEs1Rlg,0.6163715124130249
tvsum,mobilevitv2_050,proposed,42,4,kLxoNp-UchI,0.4193804860115051
tvsum,mobilevitv2_050,proposed,42,4,sTEELN-vY30,0.5916279554367065
tvsum,mobilevitv2_050,proposed,42,5,AwmHb44_ouw,0.664116382598877
tvsum,mobilevitv2_050,proposed,42,5,EE-bNr36nyA,0.30958276987075806
tvsum,mobilevitv2_050,proposed,42,5,Hl-__g2gn_A,0.634743869304657
tvsum,mobilevitv2_050,proposed,42,5,LRw_obCPUt0,0.572769820690155
tvsum,mobilevitv2_050,proposed,42,5,PJrm840pAUI,0.4535904824733734
tvsum,mobilevitv2_050,proposed,42,5,Se3oxnaPsz0,0.493408739566803
tvsum,mobilevitv2_050,proposed,42,5,Yi4Ij2NM7U4,0.6878446340560913
tvsum,mobilevitv2_050,proposed,42,5,iVt07TCkFM0,0.7269130617380142
tvsum,mobilevitv2_050,proposed,42,5,qqR6AEXwxoQ,0.8233137130737305
tvsum,mobilevitv2_050,proposed,42,5,z_6gVvQb2d0,0.5063540935516357
tvsum,mobilevitv2_050,proposed,43,1,HT5vyqe0Xaw,0.5274485349655151
tvsum,mobilevitv2_050,proposed,43,1,JgHubY5Vw3Y,0.7138766050338745
tvsum,mobilevitv2_050,proposed,43,1,NyBmCxDoHJU,0.5413417220115662
tvsum,mobilevitv2_050,proposed,43,1,WxtbjNsCQ8A,0.6613686680793762
tvsum,mobilevitv2_050,proposed,43,1,XkqCExn6_Us,0.5300526022911072
tvsum,mobilevitv2_050,proposed,43,1,akI8YFjEmUw,0.43622955679893494
tvsum,mobilevitv2_050,proposed,43,1,byxOvuiIJV0,0.5603883266448975
tvsum,mobilevitv2_050,proposed,43,1,jcoYJXDG9sw,0.47636595368385315
tvsum,mobilevitv2_050,proposed,43,1,vdmoEJ5YbrQ,0.48911604285240173
tvsum,mobilevitv2_050,proposed,43,1,xxdtq8mxegs,0.6799206733703613
tvsum,mobilevitv2_050,proposed,43,2,3eYKfiOEJNs,0.5589820742607117
tvsum,mobilevitv2_050,proposed,43,2,4wU_LUjG5Ic,0.429985374212265
tvsum,mobilevitv2_050,proposed,43,2,98MoyGZKHXc,0.5114823579788208
tvsum,mobilevitv2_050,proposed,43,2,Bhxk-O1Y7Ho,0.6644333004951477
tvsum,mobilevitv2_050,proposed,43,2,GsAD1KT1xo8,0.6155260801315308
tvsum,mobilevitv2_050,proposed,43,2,J0nA4VgnoCo,0.6387494206428528
tvsum,mobilevitv2_050,proposed,43,2,i3wAGJaaktw,0.7155799269676208
tvsum,mobilevitv2_050,proposed,43,2,oDXZc0tZe04,0.5197993516921997
tvsum,mobilevitv2_050,proposed,43,2,xmEERLqJ2kU,0.6396602988243103
tvsum,mobilevitv2_050,proposed,43,2,xwqBXPGE9pQ,0.6163342595100403
tvsum,mobilevitv2_050,proposed,43,3,-esJrBWj2d8,0.5544775724411011
tvsum,mobilevitv2_050,proposed,43,3,91IHQYk1IQM,0.5680917501449585
tvsum,mobilevitv2_050,proposed,43,3,E11zDS9XGzg,0.538393497467041
tvsum,mobilevitv2_050,proposed,43,3,JKpqYvAdIsw,0.5751842260360718
tvsum,mobilevitv2_050,proposed,43,3,WG0MBPpPC6I,0.6454037427902222
tvsum,mobilevitv2_050,proposed,43,3,XzYM3PfTM4w,0.5554909706115723
tvsum,mobilevitv2_050,proposed,43,3,b626MiF1ew4,0.5677052736282349
tvsum,mobilevitv2_050,proposed,43,3,cjibtmSLxQ4,0.46014705300331116
tvsum,mobilevitv2_050,proposed,43,3,eQu1rNs0an0,0.6349880695343018
tvsum,mobilevitv2_050,proposed,43,3,uGu_10sucQo,0.44245749711990356
tvsum,mobilevitv2_050,proposed,43,4,0tmA_C6XwfM,0.5511276125907898
tvsum,mobilevitv2_050,proposed,43,4,37rzWOQsNIw,0.5987563133239746
tvsum,mobilevitv2_050,proposed,43,4,EYqVtI9YWJA,0.6986116170883179
tvsum,mobilevitv2_050,proposed,43,4,RBCABdttQmI,0.45161309838294983
tvsum,mobilevitv2_050,proposed,43,4,VuWGsYPqAX8,0.669222354888916
tvsum,mobilevitv2_050,proposed,43,4,_xMr-HKMfVA,0.45758065581321716
tvsum,mobilevitv2_050,proposed,43,4,fWutDQy1nnY,0.5265626311302185
tvsum,mobilevitv2_050,proposed,43,4,gzDbaEs1Rlg,0.5860344171524048
tvsum,mobilevitv2_050,proposed,43,4,kLxoNp-UchI,0.4193804860115051
tvsum,mobilevitv2_050,proposed,43,4,sTEELN-vY30,0.6002906560897827
tvsum,mobilevitv2_050,proposed,43,5,AwmHb44_ouw,0.6896822452545166
tvsum,mobilevitv2_050,proposed,43,5,EE-bNr36nyA,0.2388666570186615
tvsum,mobilevitv2_050,proposed,43,5,Hl-__g2gn_A,0.634743869304657
tvsum,mobilevitv2_050,proposed,43,5,LRw_obCPUt0,0.5646020174026489
tvsum,mobilevitv2_050,proposed,43,5,PJrm840pAUI,0.4834356904029846
tvsum,mobilevitv2_050,proposed,43,5,Se3oxnaPsz0,0.45805829763412476
tvsum,mobilevitv2_050,proposed,43,5,Yi4Ij2NM7U4,0.7269312739372253
tvsum,mobilevitv2_050,proposed,43,5,iVt07TCkFM0,0.7269130617380142
tvsum,mobilevitv2_050,proposed,43,5,qqR6AEXwxoQ,0.8160489797592163
tvsum,mobilevitv2_050,proposed,43,5,z_6gVvQb2d0,0.4751271605491638
tvsum,mobilevitv2_050,proposed,44,1,HT5vyqe0Xaw,0.6012076139450073
tvsum,mobilevitv2_050,proposed,44,1,JgHubY5Vw3Y,0.7138766050338745
tvsum,mobilevitv2_050,proposed,44,1,NyBmCxDoHJU,0.519710898399353
tvsum,mobilevitv2_050,proposed,44,1,WxtbjNsCQ8A,0.6613686680793762
tvsum,mobilevitv2_050,proposed,44,1,XkqCExn6_Us,0.49466457962989807
tvsum,mobilevitv2_050,proposed,44,1,akI8YFjEmUw,0.4507472515106201
tvsum,mobilevitv2_050,proposed,44,1,byxOvuiIJV0,0.559207022190094
tvsum,mobilevitv2_050,proposed,44,1,jcoYJXDG9sw,0.5299794673919678
tvsum,mobilevitv2_050,proposed,44,1,vdmoEJ5YbrQ,0.5478622317314148
tvsum,mobilevitv2_050,proposed,44,1,xxdtq8mxegs,0.6799206733703613
tvsum,mobilevitv2_050,proposed,44,2,3eYKfiOEJNs,0.5659338235855103
tvsum,mobilevitv2_050,proposed,44,2,4wU_LUjG5Ic,0.48719358444213867
tvsum,mobilevitv2_050,proposed,44,2,98MoyGZKHXc,0.488903284072876
tvsum,mobilevitv2_050,proposed,44,2,Bhxk-O1Y7Ho,0.6446961760520935
tvsum,mobilevitv2_050,proposed,44,2,GsAD1KT1xo8,0.6155260801315308
tvsum,mobilevitv2_050,proposed,44,2,J0nA4VgnoCo,0.6227762699127197
tvsum,mobilevitv2_050,proposed,44,2,i3wAGJaaktw,0.7155799269676208
tvsum,mobilevitv2_050,proposed,44,2,oDXZc0tZe04,0.5675651431083679
tvsum,mobilevitv2_050,proposed,44,2,xmEERLqJ2kU,0.6257658004760742
tvsum,mobilevitv2_050,proposed,44,2,xwqBXPGE9pQ,0.6523297429084778
tvsum,mobilevitv2_050,proposed,44,3,-esJrBWj2d8,0.6009165644645691
tvsum,mobilevitv2_050,proposed,44,3,91IHQYk1IQM,0.5634357929229736
tvsum,mobilevitv2_050,proposed,44,3,E11zDS9XGzg,0.48351582884788513
tvsum,mobilevitv2_050,proposed,44,3,JKpqYvAdIsw,0.5511950254440308
tvsum,mobilevitv2_050,proposed,44,3,WG0MBPpPC6I,0.6514126062393188
tvsum,mobilevitv2_050,proposed,44,3,XzYM3PfTM4w,0.5752032995223999
tvsum,mobilevitv2_050,proposed,44,3,b626MiF1ew4,0.5586053133010864
tvsum,mobilevitv2_050,proposed,44,3,cjibtmSLxQ4,0.45262211561203003
tvsum,mobilevitv2_050,proposed,44,3,eQu1rNs0an0,0.657417893409729
tvsum,mobilevitv2_050,proposed,44,3,uGu_10sucQo,0.44245749711990356
tvsum,mobilevitv2_050,proposed,44,4,0tmA_C6XwfM,0.5511276125907898
tvsum,mobilevitv2_050,proposed,44,4,37rzWOQsNIw,0.5735276341438293
tvsum,mobilevitv2_050,proposed,44,4,EYqVtI9YWJA,0.6986116170883179
tvsum,mobilevitv2_050,proposed,44,4,RBCABdttQmI,0.39519375562667847
tvsum,mobilevitv2_050,proposed,44,4,VuWGsYPqAX8,0.669222354888916
tvsum,mobilevitv2_050,proposed,44,4,_xMr-HKMfVA,0.45758065581321716
tvsum,mobilevitv2_050,proposed,44,4,fWutDQy1nnY,0.5265626311302185
tvsum,mobilevitv2_050,proposed,44,4,gzDbaEs1Rlg,0.5860344171524048
tvsum,mobilevitv2_050,proposed,44,4,kLxoNp-UchI,0.4193804860115051
tvsum,mobilevitv2_050,proposed,44,4,sTEELN-vY30,0.5916279554367065
tvsum,mobilevitv2_050,proposed,44,5,AwmHb44_ouw,0.6658240556716919
tvsum,mobilevitv2_050,proposed,44,5,EE-bNr36nyA,0.4360293447971344
tvsum,mobilevitv2_050,proposed,44,5,Hl-__g2gn_A,0.634743869304657
tvsum,mobilevitv2_050,proposed,44,5,LRw_obCPUt0,0.5230151414871216
tvsum,mobilevitv2_050,proposed,44,5,PJrm840pAUI,0.3701760470867157
tvsum,mobilevitv2_050,proposed,44,5,Se3oxnaPsz0,0.45805829763412476
tvsum,mobilevitv2_050,proposed,44,5,Yi4Ij2NM7U4,0.6878446340560913
tvsum,mobilevitv2_050,proposed,44,5,iVt07TCkFM0,0.7269130617380142
tvsum,mobilevitv2_050,proposed,44,5,qqR6AEXwxoQ,0.8398140072822571
tvsum,mobilevitv2_050,proposed,44,5,z_6gVvQb2d0,0.5160267353057861
tvsum,mobilevit_xxs,pure,42,1,HT5vyqe0Xaw,0.3926566541194916
tvsum,mobilevit_xxs,pure,42,1,JgHubY5Vw3Y,0.6458799839019775
tvsum,mobilevit_xxs,pure,42,1,NyBmCxDoHJU,0.5101582407951355
tvsum,mobilevit_xxs,pure,42,1,WxtbjNsCQ8A,0.5695608854293823
tvsum,mobilevit_xxs,pure,42,1,XkqCExn6_Us,0.5223478078842163
tvsum,mobilevit_xxs,pure,42,1,akI8YFjEmUw,0.46559613943099976
tvsum,mobilevit_xxs,pure,42,1,byxOvuiIJV0,0.5558840036392212
tvsum,mobilevit_xxs,pure,42,1,jcoYJXDG9sw,0.4759159982204437
tvsum,mobilevit_xxs,pure,42,1,vdmoEJ5YbrQ,0.5172847509384155
tvsum,mobilevit_xxs,pure,42,1,xxdtq8mxegs,0.6711122393608093
tvsum,mobilevit_xxs,pure,42,2,3eYKfiOEJNs,0.5124974846839905
tvsum,mobilevit_xxs,pure,42,2,4wU_LUjG5Ic,0.5208584070205688
tvsum,mobilevit_xxs,pure,42,2,98MoyGZKHXc,0.41276997327804565
tvsum,mobilevit_xxs,pure,42,2,Bhxk-O1Y7Ho,0.6035493016242981
tvsum,mobilevit_xxs,pure,42,2,GsAD1KT1xo8,0.5382088422775269
tvsum,mobilevit_xxs,pure,42,2,J0nA4VgnoCo,0.5354698896408081
tvsum,mobilevit_xxs,pure,42,2,i3wAGJaaktw,0.6107085943222046
tvsum,mobilevit_xxs,pure,42,2,oDXZc0tZe04,0.5617846250534058
tvsum,mobilevit_xxs,pure,42,2,xmEERLqJ2kU,0.6385378837585449
tvsum,mobilevit_xxs,pure,42,2,xwqBXPGE9pQ,0.4468752443790436
tvsum,mobilevit_xxs,pure,42,3,-esJrBWj2d8,0.5557636618614197
tvsum,mobilevit_xxs,pure,42,3,91IHQYk1IQM,0.507584810256958
tvsum,mobilevit_xxs,pure,42,3,E11zDS9XGzg,0.5011707544326782
tvsum,mobilevit_xxs,pure,42,3,JKpqYvAdIsw,0.6259920597076416
tvsum,mobilevit_xxs,pure,42,3,WG0MBPpPC6I,0.5807377099990845
tvsum,mobilevit_xxs,pure,42,3,XzYM3PfTM4w,0.6463217735290527
tvsum,mobilevit_xxs,pure,42,3,b626MiF1ew4,0.5517712831497192
tvsum,mobilevit_xxs,pure,42,3,cjibtmSLxQ4,0.4068503975868225
tvsum,mobilevit_xxs,pure,42,3,eQu1rNs0an0,0.6428191065788269
tvsum,mobilevit_xxs,pure,42,3,uGu_10sucQo,0.38725158050656316
tvsum,mobilevit_xxs,pure,42,4,0tmA_C6XwfM,0.44428449869155884
tvsum,mobilevit_xxs,pure,42,4,37rzWOQsNIw,0.5886417031288147
tvsum,mobilevit_xxs,pure,42,4,EYqVtI9YWJA,0.6006627678871155
tvsum,mobilevit_xxs,pure,42,4,RBCABdttQmI,0.23760947585105896
tvsum,mobilevit_xxs,pure,42,4,VuWGsYPqAX8,0.6425461769104004
tvsum,mobilevit_xxs,pure,42,4,_xMr-HKMfVA,0.6146225929260254
tvsum,mobilevit_xxs,pure,42,4,fWutDQy1nnY,0.5628345608711243
tvsum,mobilevit_xxs,pure,42,4,gzDbaEs1Rlg,0.6159043908119202
tvsum,mobilevit_xxs,pure,42,4,kLxoNp-UchI,0.48473724722862244
tvsum,mobilevit_xxs,pure,42,4,sTEELN-vY30,0.5769253969192505
tvsum,mobilevit_xxs,pure,42,5,AwmHb44_ouw,0.6478652358055115
tvsum,mobilevit_xxs,pure,42,5,EE-bNr36nyA,0.3325968384742737
tvsum,mobilevit_xxs,pure,42,5,Hl-__g2gn_A,0.6389408707618713
tvsum,mobilevit_xxs,pure,42,5,LRw_obCPUt0,0.5230151414871216
tvsum,mobilevit_xxs,pure,42,5,PJrm840pAUI,0.3052269518375397
tvsum,mobilevit_xxs,pure,42,5,Se3oxnaPsz0,0.5925816297531128
tvsum,mobilevit_xxs,pure,42,5,Yi4Ij2NM7U4,0.6027390360832214
tvsum,mobilevit_xxs,pure,42,5,iVt07TCkFM0,0.4889540672302246
tvsum,mobilevit_xxs,pure,42,5,qqR6AEXwxoQ,0.7647849321365356
tvsum,mobilevit_xxs,pure,42,5,z_6gVvQb2d0,0.5201117396354675
tvsum,mobilevit_xxs,pure,43,1,HT5vyqe0Xaw,0.576913595199585
tvsum,mobilevit_xxs,pure,43,1,JgHubY5Vw3Y,0.5513840913772583
tvsum,mobilevit_xxs,pure,43,1,NyBmCxDoHJU,0.5101582407951355
tvsum,mobilevit_xxs,pure,43,1,WxtbjNsCQ8A,0.5771640539169312
tvsum,mobilevit_xxs,pure,43,1,XkqCExn6_Us,0.47208523750305176
tvsum,mobilevit_xxs,pure,43,1,akI8YFjEmUw,0.4192456305027008
tvsum,mobilevit_xxs,pure,43,1,byxOvuiIJV0,0.5485366582870483
tvsum,mobilevit_xxs,pure,43,1,jcoYJXDG9sw,0.47991275787353516
tvsum,mobilevit_xxs,pure,43,1,vdmoEJ5YbrQ,0.4337709844112396
tvsum,mobilevit_xxs,pure,43,1,xxdtq8mxegs,0.6711122393608093
tvsum,mobilevit_xxs,pure,43,2,3eYKfiOEJNs,0.43355193734169006
tvsum,mobilevit_xxs,pure,43,2,4wU_LUjG5Ic,0.4852368235588074
tvsum,mobilevit_xxs,pure,43,2,98MoyGZKHXc,0.3302921950817108
tvsum,mobilevit_xxs,pure,43,2,Bhxk-O1Y7Ho,0.5775683522224426
tvsum,mobilevit_xxs,pure,43,2,GsAD1KT1xo8,0.46396785974502563
tvsum,mobilevit_xxs,pure,43,2,J0nA4VgnoCo,0.5515003800392151
tvsum,mobilevit_xxs,pure,43,2,i3wAGJaaktw,0.6952608227729797
tvsum,mobilevit_xxs,pure,43,2,oDXZc0tZe04,0.49488720297813416
tvsum,mobilevit_xxs,pure,43,2,xmEERLqJ2kU,0.6074815988540649
tvsum,mobilevit_xxs,pure,43,2,xwqBXPGE9pQ,0.5695430040359497
tvsum,mobilevit_xxs,pure,43,3,-esJrBWj2d8,0.5187438726425171
tvsum,mobilevit_xxs,pure,43,3,91IHQYk1IQM,0.5419856309890747
tvsum,mobilevit_xxs,pure,43,3,E11zDS9XGzg,0.47311797738075256
tvsum,mobilevit_xxs,pure,43,3,JKpqYvAdIsw,0.5954240560531616
tvsum,mobilevit_xxs,pure,43,3,WG0MBPpPC6I,0.6357695460319519
tvsum,mobilevit_xxs,pure,43,3,XzYM3PfTM4w,0.5796379446983337
tvsum,mobilevit_xxs,pure,43,3,b626MiF1ew4,0.4672881066799164
tvsum,mobilevit_xxs,pure,43,3,cjibtmSLxQ4,0.41969648003578186
tvsum,mobilevit_xxs,pure,43,3,eQu1rNs0an0,0.6349880695343018
tvsum,mobilevit_xxs,pure,43,3,uGu_10sucQo,0.38725158050656316
tvsum,mobilevit_xxs,pure,43,4,0tmA_C6XwfM,0.4792402684688568
tvsum,mobilevit_xxs,pure,43,4,37rzWOQsNIw,0.5671088695526123
tvsum,mobilevit_xxs,pure,43,4,EYqVtI9YWJA,0.6068481206893921
tvsum,mobilevit_xxs,pure,43,4,RBCABdttQmI,0.48086220026016235
tvsum,mobilevit_xxs,pure,43,4,VuWGsYPqAX8,0.6146568059921265
tvsum,mobilevit_xxs,pure,43,4,_xMr-HKMfVA,0.4757590889930725
tvsum,mobilevit_xxs,pure,43,4,fWutDQy1nnY,0.5298062562942505
tvsum,mobilevit_xxs,pure,43,4,gzDbaEs1Rlg,0.5586985349655151
tvsum,mobilevit_xxs,pure,43,4,kLxoNp-UchI,0.4366510808467865
tvsum,mobilevit_xxs,pure,43,4,sTEELN-vY30,0.57844078540802
tvsum,mobilevit_xxs,pure,43,5,AwmHb44_ouw,0.664116382598877
tvsum,mobilevit_xxs,pure,43,5,EE-bNr36nyA,0.4897923469543457
tvsum,mobilevit_xxs,pure,43,5,Hl-__g2gn_A,0.6436896920204163
tvsum,mobilevit_xxs,pure,43,5,LRw_obCPUt0,0.5100568532943726
tvsum,mobilevit_xxs,pure,43,5,PJrm840pAUI,0.4241783618927002
tvsum,mobilevit_xxs,pure,43,5,Se3oxnaPsz0,0.5749762058258057
tvsum,mobilevit_xxs,pure,43,5,Yi4Ij2NM7U4,0.5604498982429504
tvsum,mobilevit_xxs,pure,43,5,iVt07TCkFM0,0.7269130617380142
tvsum,mobilevit_xxs,pure,43,5,qqR6AEXwxoQ,0.7863458395004272
tvsum,mobilevit_xxs,pure,43,5,z_6gVvQb2d0,0.3690708577632904
tvsum,mobilevit_xxs,pure,44,1,HT5vyqe0Xaw,0.4244954586029053
tvsum,mobilevit_xxs,pure,44,1,JgHubY5Vw3Y,0.7138766050338745
tvsum,mobilevit_xxs,pure,44,1,NyBmCxDoHJU,0.5413417220115662
tvsum,mobilevit_xxs,pure,44,1,WxtbjNsCQ8A,0.4923070967197418
tvsum,mobilevit_xxs,pure,44,1,XkqCExn6_Us,0.48246607184410095
tvsum,mobilevit_xxs,pure,44,1,akI8YFjEmUw,0.4507472515106201
tvsum,mobilevit_xxs,pure,44,1,byxOvuiIJV0,0.5701571106910706
tvsum,mobilevit_xxs,pure,44,1,jcoYJXDG9sw,0.5510208606719971
tvsum,mobilevit_xxs,pure,44,1,vdmoEJ5YbrQ,0.45143479108810425
tvsum,mobilevit_xxs,pure,44,1,xxdtq8mxegs,0.638870120048523
tvsum,mobilevit_xxs,pure,44,2,3eYKfiOEJNs,0.49707967042922974
tvsum,mobilevit_xxs,pure,44,2,4wU_LUjG5Ic,0.5149405598640442
tvsum,mobilevit_xxs,pure,44,2,98MoyGZKHXc,0.49753862619400024
tvsum,mobilevit_xxs,pure,44,2,Bhxk-O1Y7Ho,0.618179440498352
tvsum,mobilevit_xxs,pure,44,2,GsAD1KT1xo8,0.5755519866943359
tvsum,mobilevit_xxs,pure,44,2,J0nA4VgnoCo,0.49715322256088257
tvsum,mobilevit_xxs,pure,44,2,i3wAGJaaktw,0.6952608227729797
tvsum,mobilevit_xxs,pure,44,2,oDXZc0tZe04,0.5175113081932068
tvsum,mobilevit_xxs,pure,44,2,xmEERLqJ2kU,0.6004079580307007
tvsum,mobilevit_xxs,pure,44,2,xwqBXPGE9pQ,0.5021258592605591
tvsum,mobilevit_xxs,pure,44,3,-esJrBWj2d8,0.555518388748169
tvsum,mobilevit_xxs,pure,44,3,91IHQYk1IQM,0.6444574594497681
tvsum,mobilevit_xxs,pure,44,3,E11zDS9XGzg,0.4434608519077301
tvsum,mobilevit_xxs,pure,44,3,JKpqYvAdIsw,0.5348281264305115
tvsum,mobilevit_xxs,pure,44,3,WG0MBPpPC6I,0.554444432258606
tvsum,mobilevit_xxs,pure,44,3,XzYM3PfTM4w,0.7169275283813477
tvsum,mobilevit_xxs,pure,44,3,b626MiF1ew4,0.46715816855430603
tvsum,mobilevit_xxs,pure,44,3,cjibtmSLxQ4,0.42648759484291077
tvsum,mobilevit_xxs,pure,44,3,eQu1rNs0an0,0.6349880695343018
tvsum,mobilevit_xxs,pure,44,3,uGu_10sucQo,0.37079760432243347
tvsum,mobilevit_xxs,pure,44,4,0tmA_C6XwfM,0.5585670471191406
tvsum,mobilevit_xxs,pure,44,4,37rzWOQsNIw,0.4315579831600189
tvsum,mobilevit_xxs,pure,44,4,EYqVtI9YWJA,0.404747873544693
tvsum,mobilevit_xxs,pure,44,4,RBCABdttQmI,0.3899558186531067
tvsum,mobilevit_xxs,pure,44,4,VuWGsYPqAX8,0.6233885884284973
tvsum,mobilevit_xxs,pure,44,4,_xMr-HKMfVA,0.3675859570503235
tvsum,mobilevit_xxs,pure,44,4,fWutDQy1nnY,0.49388399720191956
tvsum,mobilevit_xxs,pure,44,4,gzDbaEs1Rlg,0.542622447013855
tvsum,mobilevit_xxs,pure,44,4,kLxoNp-UchI,0.5037392973899841
tvsum,mobilevit_xxs,pure,44,4,sTEELN-vY30,0.53445965051651
tvsum,mobilevit_xxs,pure,44,5,AwmHb44_ouw,0.6064666509628296
tvsum,mobilevit_xxs,pure,44,5,EE-bNr36nyA,0.48851388692855835
tvsum,mobilevit_xxs,pure,44,5,Hl-__g2gn_A,0.6528900861740112
tvsum,mobilevit_xxs,pure,44,5,LRw_obCPUt0,0.5616621375083923
tvsum,mobilevit_xxs,pure,44,5,PJrm840pAUI,0.44592317938804626
tvsum,mobilevit_xxs,pure,44,5,Se3oxnaPsz0,0.45805829763412476
tvsum,mobilevit_xxs,pure,44,5,Yi4Ij2NM7U4,0.5304568409919739
tvsum,mobilevit_xxs,pure,44,5,iVt07TCkFM0,0.46220911890268324
tvsum,mobilevit_xxs,pure,44,5,qqR6AEXwxoQ,0.7717157602310181
tvsum,mobilevit_xxs,pure,44,5,z_6gVvQb2d0,0.4787055552005768
tvsum,mobilevit_xxs,surgery_only,42,1,HT5vyqe0Xaw,0.40363097190856934
tvsum,mobilevit_xxs,surgery_only,42,1,JgHubY5Vw3Y,0.7138766050338745
tvsum,mobilevit_xxs,surgery_only,42,1,NyBmCxDoHJU,0.4808867871761322
tvsum,mobilevit_xxs,surgery_only,42,1,WxtbjNsCQ8A,0.6321873068809509
tvsum,mobilevit_xxs,surgery_only,42,1,XkqCExn6_Us,0.5464969277381897
tvsum,mobilevit_xxs,surgery_only,42,1,akI8YFjEmUw,0.43622955679893494
tvsum,mobilevit_xxs,surgery_only,42,1,byxOvuiIJV0,0.579599142074585
tvsum,mobilevit_xxs,surgery_only,42,1,jcoYJXDG9sw,0.35448214411735535
tvsum,mobilevit_xxs,surgery_only,42,1,vdmoEJ5YbrQ,0.38645392656326294
tvsum,mobilevit_xxs,surgery_only,42,1,xxdtq8mxegs,0.5642929673194885
tvsum,mobilevit_xxs,surgery_only,42,2,3eYKfiOEJNs,0.4935082793235779
tvsum,mobilevit_xxs,surgery_only,42,2,4wU_LUjG5Ic,0.4717766344547272
tvsum,mobilevit_xxs,surgery_only,42,2,98MoyGZKHXc,0.488903284072876
tvsum,mobilevit_xxs,surgery_only,42,2,Bhxk-O1Y7Ho,0.5983576774597168
tvsum,mobilevit_xxs,surgery_only,42,2,GsAD1KT1xo8,0.6318921446800232
tvsum,mobilevit_xxs,surgery_only,42,2,J0nA4VgnoCo,0.5342816710472107
tvsum,mobilevit_xxs,surgery_only,42,2,i3wAGJaaktw,0.6263006925582886
tvsum,mobilevit_xxs,surgery_only,42,2,oDXZc0tZe04,0.5638919472694397
tvsum,mobilevit_xxs,surgery_only,42,2,xmEERLqJ2kU,0.6342754364013672
tvsum,mobilevit_xxs,surgery_only,42,2,xwqBXPGE9pQ,0.5371929407119751
tvsum,mobilevit_xxs,surgery_only,42,3,-esJrBWj2d8,0.5411379337310791
tvsum,mobilevit_xxs,surgery_only,42,3,91IHQYk1IQM,0.5944706201553345
tvsum,mobilevit_xxs,surgery_only,42,3,E11zDS9XGzg,0.5093805193901062
tvsum,mobilevit_xxs,surgery_only,42,3,JKpqYvAdIsw,0.673088550567627
tvsum,mobilevit_xxs,surgery_only,42,3,WG0MBPpPC6I,0.6009144186973572
tvsum,mobilevit_xxs,surgery_only,42,3,XzYM3PfTM4w,0.6432461738586426
tvsum,mobilevit_xxs,surgery_only,42,3,b626MiF1ew4,0.38747933506965637
tvsum,mobilevit_xxs,surgery_only,42,3,cjibtmSLxQ4,0.4633719325065613
tvsum,mobilevit_xxs,surgery_only,42,3,eQu1rNs0an0,0.603779673576355
tvsum,mobilevit_xxs,surgery_only,42,3,uGu_10sucQo,0.4389251172542572
tvsum,mobilevit_xxs,surgery_only,42,4,0tmA_C6XwfM,0.5092253088951111
tvsum,mobilevit_xxs,surgery_only,42,4,37rzWOQsNIw,0.5963246822357178
tvsum,mobilevit_xxs,surgery_only,42,4,EYqVtI9YWJA,0.5867146253585815
tvsum,mobilevit_xxs,surgery_only,42,4,RBCABdttQmI,0.39879167079925537
tvsum,mobilevit_xxs,surgery_only,42,4,VuWGsYPqAX8,0.6135899424552917
tvsum,mobilevit_xxs,surgery_only,42,4,_xMr-HKMfVA,0.6181533336639404
tvsum,mobilevit_xxs,surgery_only,42,4,fWutDQy1nnY,0.5463196635246277
tvsum,mobilevit_xxs,surgery_only,42,4,gzDbaEs1Rlg,0.5586985349655151
tvsum,mobilevit_xxs,surgery_only,42,4,kLxoNp-UchI,0.4400915503501892
tvsum,mobilevit_xxs,surgery_only,42,4,sTEELN-vY30,0.57844078540802
tvsum,mobilevit_xxs,surgery_only,42,5,AwmHb44_ouw,0.5697165727615356
tvsum,mobilevit_xxs,surgery_only,42,5,EE-bNr36nyA,0.41423505544662476
tvsum,mobilevit_xxs,surgery_only,42,5,Hl-__g2gn_A,0.5782691240310669
tvsum,mobilevit_xxs,surgery_only,42,5,LRw_obCPUt0,0.6143121123313904
tvsum,mobilevit_xxs,surgery_only,42,5,PJrm840pAUI,0.42040905356407166
tvsum,mobilevit_xxs,surgery_only,42,5,Se3oxnaPsz0,0.45805829763412476
tvsum,mobilevit_xxs,surgery_only,42,5,Yi4Ij2NM7U4,0.6072583794593811
tvsum,mobilevit_xxs,surgery_only,42,5,iVt07TCkFM0,0.7269130617380142
tvsum,mobilevit_xxs,surgery_only,42,5,qqR6AEXwxoQ,0.7741296291351318
tvsum,mobilevit_xxs,surgery_only,42,5,z_6gVvQb2d0,0.5027543902397156
tvsum,mobilevit_xxs,surgery_only,43,1,HT5vyqe0Xaw,0.5106223225593567
tvsum,mobilevit_xxs,surgery_only,43,1,JgHubY5Vw3Y,0.6399921774864197
tvsum,mobilevit_xxs,surgery_only,43,1,NyBmCxDoHJU,0.4157946705818176
tvsum,mobilevit_xxs,surgery_only,43,1,WxtbjNsCQ8A,0.6001781821250916
tvsum,mobilevit_xxs,surgery_only,43,1,XkqCExn6_Us,0.4546588063240051
tvsum,mobilevit_xxs,surgery_only,43,1,akI8YFjEmUw,0.43622955679893494
tvsum,mobilevit_xxs,surgery_only,43,1,byxOvuiIJV0,0.5548788905143738
tvsum,mobilevit_xxs,surgery_only,43,1,jcoYJXDG9sw,0.35686197876930237
tvsum,mobilevit_xxs,surgery_only,43,1,vdmoEJ5YbrQ,0.402901828289032
tvsum,mobilevit_xxs,surgery_only,43,1,xxdtq8mxegs,0.5461574196815491
tvsum,mobilevit_xxs,surgery_only,43,2,3eYKfiOEJNs,0.5659338235855103
tvsum,mobilevit_xxs,surgery_only,43,2,4wU_LUjG5Ic,0.374688059091568
tvsum,mobilevit_xxs,surgery_only,43,2,98MoyGZKHXc,0.4804448187351227
tvsum,mobilevit_xxs,surgery_only,43,2,Bhxk-O1Y7Ho,0.614255428314209
tvsum,mobilevit_xxs,surgery_only,43,2,GsAD1KT1xo8,0.5755519866943359
tvsum,mobilevit_xxs,surgery_only,43,2,J0nA4VgnoCo,0.5981185436248779
tvsum,mobilevit_xxs,surgery_only,43,2,i3wAGJaaktw,0.7180890440940857
tvsum,mobilevit_xxs,surgery_only,43,2,oDXZc0tZe04,0.5182610750198364
tvsum,mobilevit_xxs,surgery_only,43,2,xmEERLqJ2kU,0.624305784702301
tvsum,mobilevit_xxs,surgery_only,43,2,xwqBXPGE9pQ,0.4660809636116028
tvsum,mobilevit_xxs,surgery_only,43,3,-esJrBWj2d8,0.5576291084289551
tvsum,mobilevit_xxs,surgery_only,43,3,91IHQYk1IQM,0.62287437915802
tvsum,mobilevit_xxs,surgery_only,43,3,E11zDS9XGzg,0.4883982241153717
tvsum,mobilevit_xxs,surgery_only,43,3,JKpqYvAdIsw,0.673088550567627
tvsum,mobilevit_xxs,surgery_only,43,3,WG0MBPpPC6I,0.5445702075958252
tvsum,mobilevit_xxs,surgery_only,43,3,XzYM3PfTM4w,0.5796379446983337
tvsum,mobilevit_xxs,surgery_only,43,3,b626MiF1ew4,0.4123913645744324
tvsum,mobilevit_xxs,surgery_only,43,3,cjibtmSLxQ4,0.4599263072013855
tvsum,mobilevit_xxs,surgery_only,43,3,eQu1rNs0an0,0.6058697700500488
tvsum,mobilevit_xxs,surgery_only,43,3,uGu_10sucQo,0.30507950522005556
tvsum,mobilevit_xxs,surgery_only,43,4,0tmA_C6XwfM,0.5092253088951111
tvsum,mobilevit_xxs,surgery_only,43,4,37rzWOQsNIw,0.6830264925956726
tvsum,mobilevit_xxs,surgery_only,43,4,EYqVtI9YWJA,0.5867146253585815
tvsum,mobilevit_xxs,surgery_only,43,4,RBCABdttQmI,0.39217421412467957
tvsum,mobilevit_xxs,surgery_only,43,4,VuWGsYPqAX8,0.600532054901123
tvsum,mobilevit_xxs,surgery_only,43,4,_xMr-HKMfVA,0.5801442861557007
tvsum,mobilevit_xxs,surgery_only,43,4,fWutDQy1nnY,0.5513330101966858
tvsum,mobilevit_xxs,surgery_only,43,4,gzDbaEs1Rlg,0.5552826523780823
tvsum,mobilevit_xxs,surgery_only,43,4,kLxoNp-UchI,0.48473724722862244
tvsum,mobilevit_xxs,surgery_only,43,4,sTEELN-vY30,0.5556915402412415
tvsum,mobilevit_xxs,surgery_only,43,5,AwmHb44_ouw,0.5385389924049377
tvsum,mobilevit_xxs,surgery_only,43,5,EE-bNr36nyA,0.337481290102005
tvsum,mobilevit_xxs,surgery_only,43,5,Hl-__g2gn_A,0.5783656239509583
tvsum,mobilevit_xxs,surgery_only,43,5,LRw_obCPUt0,0.6143121123313904
tvsum,mobilevit_xxs,surgery_only,43,5,PJrm840pAUI,0.42040905356407166
tvsum,mobilevit_xxs,surgery_only,43,5,Se3oxnaPsz0,0.45805829763412476
tvsum,mobilevit_xxs,surgery_only,43,5,Yi4Ij2NM7U4,0.6988519430160522
tvsum,mobilevit_xxs,surgery_only,43,5,iVt07TCkFM0,0.7269130617380142
tvsum,mobilevit_xxs,surgery_only,43,5,qqR6AEXwxoQ,0.7647849321365356
tvsum,mobilevit_xxs,surgery_only,43,5,z_6gVvQb2d0,0.4303654134273529
tvsum,mobilevit_xxs,surgery_only,44,1,HT5vyqe0Xaw,0.5435922741889954
tvsum,mobilevit_xxs,surgery_only,44,1,JgHubY5Vw3Y,0.6458799839019775
tvsum,mobilevit_xxs,surgery_only,44,1,NyBmCxDoHJU,0.5498796701431274
tvsum,mobilevit_xxs,surgery_only,44,1,WxtbjNsCQ8A,0.5530179142951965
tvsum,mobilevit_xxs,surgery_only,44,1,XkqCExn6_Us,0.502070963382721
tvsum,mobilevit_xxs,surgery_only,44,1,akI8YFjEmUw,0.39472375735640525
tvsum,mobilevit_xxs,surgery_only,44,1,byxOvuiIJV0,0.6140149831771851
tvsum,mobilevit_xxs,surgery_only,44,1,jcoYJXDG9sw,0.1965498860925436
tvsum,mobilevit_xxs,surgery_only,44,1,vdmoEJ5YbrQ,0.378567099571228
tvsum,mobilevit_xxs,surgery_only,44,1,xxdtq8mxegs,0.6623806357383728
tvsum,mobilevit_xxs,surgery_only,44,2,3eYKfiOEJNs,0.5422346591949463
tvsum,mobilevit_xxs,surgery_only,44,2,4wU_LUjG5Ic,0.3784438669681549
tvsum,mobilevit_xxs,surgery_only,44,2,98MoyGZKHXc,0.4804448187351227
tvsum,mobilevit_xxs,surgery_only,44,2,Bhxk-O1Y7Ho,0.6535398364067078
tvsum,mobilevit_xxs,surgery_only,44,2,GsAD1KT1xo8,0.5353186130523682
tvsum,mobilevit_xxs,surgery_only,44,2,J0nA4VgnoCo,0.5483008027076721
tvsum,mobilevit_xxs,surgery_only,44,2,i3wAGJaaktw,0.6826502680778503
tvsum,mobilevit_xxs,surgery_only,44,2,oDXZc0tZe04,0.44989386200904846
tvsum,mobilevit_xxs,surgery_only,44,2,xmEERLqJ2kU,0.6537549495697021
tvsum,mobilevit_xxs,surgery_only,44,2,xwqBXPGE9pQ,0.569034218788147
tvsum,mobilevit_xxs,surgery_only,44,3,-esJrBWj2d8,0.5577991604804993
tvsum,mobilevit_xxs,surgery_only,44,3,91IHQYk1IQM,0.5944706201553345
tvsum,mobilevit_xxs,surgery_only,44,3,E11zDS9XGzg,0.5101913809776306
tvsum,mobilevit_xxs,surgery_only,44,3,JKpqYvAdIsw,0.5984172224998474
tvsum,mobilevit_xxs,surgery_only,44,3,WG0MBPpPC6I,0.5586101412773132
tvsum,mobilevit_xxs,surgery_only,44,3,XzYM3PfTM4w,0.6463217735290527
tvsum,mobilevit_xxs,surgery_only,44,3,b626MiF1ew4,0.4943760931491852
tvsum,mobilevit_xxs,surgery_only,44,3,cjibtmSLxQ4,0.4361526072025299
tvsum,mobilevit_xxs,surgery_only,44,3,eQu1rNs0an0,0.603779673576355
tvsum,mobilevit_xxs,surgery_only,44,3,uGu_10sucQo,0.3676259219646454
tvsum,mobilevit_xxs,surgery_only,44,4,0tmA_C6XwfM,0.4920087456703186
tvsum,mobilevit_xxs,surgery_only,44,4,37rzWOQsNIw,0.6111263036727905
tvsum,mobilevit_xxs,surgery_only,44,4,EYqVtI9YWJA,0.52772057056427
tvsum,mobilevit_xxs,surgery_only,44,4,RBCABdttQmI,0.31357520818710327
tvsum,mobilevit_xxs,surgery_only,44,4,VuWGsYPqAX8,0.5769588947296143
tvsum,mobilevit_xxs,surgery_only,44,4,_xMr-HKMfVA,0.5596224069595337
tvsum,mobilevit_xxs,surgery_only,44,4,fWutDQy1nnY,0.5518802404403687
tvsum,mobilevit_xxs,surgery_only,44,4,gzDbaEs1Rlg,0.5740660429000854
tvsum,mobilevit_xxs,surgery_only,44,4,kLxoNp-UchI,0.4399208128452301
tvsum,mobilevit_xxs,surgery_only,44,4,sTEELN-vY30,0.5466989874839783
tvsum,mobilevit_xxs,surgery_only,44,5,AwmHb44_ouw,0.45997563004493713
tvsum,mobilevit_xxs,surgery_only,44,5,EE-bNr36nyA,0.5195211172103882
tvsum,mobilevit_xxs,surgery_only,44,5,Hl-__g2gn_A,0.6176532506942749
tvsum,mobilevit_xxs,surgery_only,44,5,LRw_obCPUt0,0.5792424082756042
tvsum,mobilevit_xxs,surgery_only,44,5,PJrm840pAUI,0.42747464776039124
tvsum,mobilevit_xxs,surgery_only,44,5,Se3oxnaPsz0,0.45805829763412476
tvsum,mobilevit_xxs,surgery_only,44,5,Yi4Ij2NM7U4,0.5900535583496094
tvsum,mobilevit_xxs,surgery_only,44,5,iVt07TCkFM0,0.7269130617380142
tvsum,mobilevit_xxs,surgery_only,44,5,qqR6AEXwxoQ,0.7672423720359802
tvsum,mobilevit_xxs,surgery_only,44,5,z_6gVvQb2d0,0.5627797842025757
tvsum,mobilevit_xxs,full_temporal,42,1,HT5vyqe0Xaw,0.43323642015457153
tvsum,mobilevit_xxs,full_temporal,42,1,JgHubY5Vw3Y,0.5513840913772583
tvsum,mobilevit_xxs,full_temporal,42,1,NyBmCxDoHJU,0.5413417220115662
tvsum,mobilevit_xxs,full_temporal,42,1,WxtbjNsCQ8A,0.5819381475448608
tvsum,mobilevit_xxs,full_temporal,42,1,XkqCExn6_Us,0.47208523750305176
tvsum,mobilevit_xxs,full_temporal,42,1,akI8YFjEmUw,0.4204644560813904
tvsum,mobilevit_xxs,full_temporal,42,1,byxOvuiIJV0,0.44893962144851685
tvsum,mobilevit_xxs,full_temporal,42,1,jcoYJXDG9sw,0.47991275787353516
tvsum,mobilevit_xxs,full_temporal,42,1,vdmoEJ5YbrQ,0.48093152046203613
tvsum,mobilevit_xxs,full_temporal,42,1,xxdtq8mxegs,0.645666241645813
tvsum,mobilevit_xxs,full_temporal,42,2,3eYKfiOEJNs,0.5916258096694946
tvsum,mobilevit_xxs,full_temporal,42,2,4wU_LUjG5Ic,0.31621187925338745
tvsum,mobilevit_xxs,full_temporal,42,2,98MoyGZKHXc,0.3654153645038605
tvsum,mobilevit_xxs,full_temporal,42,2,Bhxk-O1Y7Ho,0.575192391872406
tvsum,mobilevit_xxs,full_temporal,42,2,GsAD1KT1xo8,0.5612826943397522
tvsum,mobilevit_xxs,full_temporal,42,2,J0nA4VgnoCo,0.5705792307853699
tvsum,mobilevit_xxs,full_temporal,42,2,i3wAGJaaktw,0.6952608227729797
tvsum,mobilevit_xxs,full_temporal,42,2,oDXZc0tZe04,0.47642427682876587
tvsum,mobilevit_xxs,full_temporal,42,2,xmEERLqJ2kU,0.5722213983535767
tvsum,mobilevit_xxs,full_temporal,42,2,xwqBXPGE9pQ,0.5256972908973694
tvsum,mobilevit_xxs,full_temporal,42,3,-esJrBWj2d8,0.5297061204910278
tvsum,mobilevit_xxs,full_temporal,42,3,91IHQYk1IQM,0.595573365688324
tvsum,mobilevit_xxs,full_temporal,42,3,E11zDS9XGzg,0.4567294716835022
tvsum,mobilevit_xxs,full_temporal,42,3,JKpqYvAdIsw,0.5071439743041992
tvsum,mobilevit_xxs,full_temporal,42,3,WG0MBPpPC6I,0.6098189949989319
tvsum,mobilevit_xxs,full_temporal,42,3,XzYM3PfTM4w,0.7169275283813477
tvsum,mobilevit_xxs,full_temporal,42,3,b626MiF1ew4,0.3566667139530182
tvsum,mobilevit_xxs,full_temporal,42,3,cjibtmSLxQ4,0.39759311079978943
tvsum,mobilevit_xxs,full_temporal,42,3,eQu1rNs0an0,0.6349880695343018
tvsum,mobilevit_xxs,full_temporal,42,3,uGu_10sucQo,0.35229331254959106
tvsum,mobilevit_xxs,full_temporal,42,4,0tmA_C6XwfM,0.35199636220932007
tvsum,mobilevit_xxs,full_temporal,42,4,37rzWOQsNIw,0.39652639627456665
tvsum,mobilevit_xxs,full_temporal,42,4,EYqVtI9YWJA,0.5374325513839722
tvsum,mobilevit_xxs,full_temporal,42,4,RBCABdttQmI,0.36466270685195923
tvsum,mobilevit_xxs,full_temporal,42,4,VuWGsYPqAX8,0.5751360654830933
tvsum,mobilevit_xxs,full_temporal,42,4,_xMr-HKMfVA,0.28557825088500977
tvsum,mobilevit_xxs,full_temporal,42,4,fWutDQy1nnY,0.523923933506012
tvsum,mobilevit_xxs,full_temporal,42,4,gzDbaEs1Rlg,0.5215498805046082
tvsum,mobilevit_xxs,full_temporal,42,4,kLxoNp-UchI,0.48473724722862244
tvsum,mobilevit_xxs,full_temporal,42,4,sTEELN-vY30,0.5268605947494507
tvsum,mobilevit_xxs,full_temporal,42,5,AwmHb44_ouw,0.5954943895339966
tvsum,mobilevit_xxs,full_temporal,42,5,EE-bNr36nyA,0.2971605658531189
tvsum,mobilevit_xxs,full_temporal,42,5,Hl-__g2gn_A,0.6389408707618713
tvsum,mobilevit_xxs,full_temporal,42,5,LRw_obCPUt0,0.5744858384132385
tvsum,mobilevit_xxs,full_temporal,42,5,PJrm840pAUI,0.3314161002635956
tvsum,mobilevit_xxs,full_temporal,42,5,Se3oxnaPsz0,0.5058201551437378
tvsum,mobilevit_xxs,full_temporal,42,5,Yi4Ij2NM7U4,0.579346239566803
tvsum,mobilevit_xxs,full_temporal,42,5,iVt07TCkFM0,0.7269130617380142
tvsum,mobilevit_xxs,full_temporal,42,5,qqR6AEXwxoQ,0.7863458395004272
tvsum,mobilevit_xxs,full_temporal,42,5,z_6gVvQb2d0,0.4155227541923523
tvsum,mobilevit_xxs,full_temporal,43,1,HT5vyqe0Xaw,0.6187397837638855
tvsum,mobilevit_xxs,full_temporal,43,1,JgHubY5Vw3Y,0.6399921774864197
tvsum,mobilevit_xxs,full_temporal,43,1,NyBmCxDoHJU,0.4872562885284424
tvsum,mobilevit_xxs,full_temporal,43,1,WxtbjNsCQ8A,0.5607535243034363
tvsum,mobilevit_xxs,full_temporal,43,1,XkqCExn6_Us,0.5457035303115845
tvsum,mobilevit_xxs,full_temporal,43,1,akI8YFjEmUw,0.44160494208335876
tvsum,mobilevit_xxs,full_temporal,43,1,byxOvuiIJV0,0.5376477837562561
tvsum,mobilevit_xxs,full_temporal,43,1,jcoYJXDG9sw,0.47991275787353516
tvsum,mobilevit_xxs,full_temporal,43,1,vdmoEJ5YbrQ,0.5259738564491272
tvsum,mobilevit_xxs,full_temporal,43,1,xxdtq8mxegs,0.645666241645813
tvsum,mobilevit_xxs,full_temporal,43,2,3eYKfiOEJNs,0.5825003385543823
tvsum,mobilevit_xxs,full_temporal,43,2,4wU_LUjG5Ic,0.34569090604782104
tvsum,mobilevit_xxs,full_temporal,43,2,98MoyGZKHXc,0.4039987027645111
tvsum,mobilevit_xxs,full_temporal,43,2,Bhxk-O1Y7Ho,0.5641505718231201
tvsum,mobilevit_xxs,full_temporal,43,2,GsAD1KT1xo8,0.49573349952697754
tvsum,mobilevit_xxs,full_temporal,43,2,J0nA4VgnoCo,0.5757225751876831
tvsum,mobilevit_xxs,full_temporal,43,2,i3wAGJaaktw,0.7284271717071533
tvsum,mobilevit_xxs,full_temporal,43,2,oDXZc0tZe04,0.5367141366004944
tvsum,mobilevit_xxs,full_temporal,43,2,xmEERLqJ2kU,0.56211256980896
tvsum,mobilevit_xxs,full_temporal,43,2,xwqBXPGE9pQ,0.5872554779052734
tvsum,mobilevit_xxs,full_temporal,43,3,-esJrBWj2d8,0.5072153806686401
tvsum,mobilevit_xxs,full_temporal,43,3,91IHQYk1IQM,0.5619074106216431
tvsum,mobilevit_xxs,full_temporal,43,3,E11zDS9XGzg,0.45618802309036255
tvsum,mobilevit_xxs,full_temporal,43,3,JKpqYvAdIsw,0.6297545433044434
tvsum,mobilevit_xxs,full_temporal,43,3,WG0MBPpPC6I,0.6022859215736389
tvsum,mobilevit_xxs,full_temporal,43,3,XzYM3PfTM4w,0.7169275283813477
tvsum,mobilevit_xxs,full_temporal,43,3,b626MiF1ew4,0.5677052736282349
tvsum,mobilevit_xxs,full_temporal,43,3,cjibtmSLxQ4,0.4683080315589905
tvsum,mobilevit_xxs,full_temporal,43,3,eQu1rNs0an0,0.6297614574432373
tvsum,mobilevit_xxs,full_temporal,43,3,uGu_10sucQo,0.335743248462677
tvsum,mobilevit_xxs,full_temporal,43,4,0tmA_C6XwfM,0.465182363986969
tvsum,mobilevit_xxs,full_temporal,43,4,37rzWOQsNIw,0.5222510099411011
tvsum,mobilevit_xxs,full_temporal,43,4,EYqVtI9YWJA,0.578834593296051
tvsum,mobilevit_xxs,full_temporal,43,4,RBCABdttQmI,0.44739633798599243
tvsum,mobilevit_xxs,full_temporal,43,4,VuWGsYPqAX8,0.564686119556427
tvsum,mobilevit_xxs,full_temporal,43,4,_xMr-HKMfVA,0.5773698091506958
tvsum,mobilevit_xxs,full_temporal,43,4,fWutDQy1nnY,0.5026842355728149
tvsum,mobilevit_xxs,full_temporal,43,4,gzDbaEs1Rlg,0.5635427236557007
tvsum,mobilevit_xxs,full_temporal,43,4,kLxoNp-UchI,0.450518935918808
tvsum,mobilevit_xxs,full_temporal,43,4,sTEELN-vY30,0.5084540247917175
tvsum,mobilevit_xxs,full_temporal,43,5,AwmHb44_ouw,0.6191580295562744
tvsum,mobilevit_xxs,full_temporal,43,5,EE-bNr36nyA,0.28031274676322937
tvsum,mobilevit_xxs,full_temporal,43,5,Hl-__g2gn_A,0.6528900861740112
tvsum,mobilevit_xxs,full_temporal,43,5,LRw_obCPUt0,0.5274959802627563
tvsum,mobilevit_xxs,full_temporal,43,5,PJrm840pAUI,0.3975890874862671
tvsum,mobilevit_xxs,full_temporal,43,5,Se3oxnaPsz0,0.5291892886161804
tvsum,mobilevit_xxs,full_temporal,43,5,Yi4Ij2NM7U4,0.5840227603912354
tvsum,mobilevit_xxs,full_temporal,43,5,iVt07TCkFM0,0.7269130617380142
tvsum,mobilevit_xxs,full_temporal,43,5,qqR6AEXwxoQ,0.7863458395004272
tvsum,mobilevit_xxs,full_temporal,43,5,z_6gVvQb2d0,0.4106961190700531
tvsum,mobilevit_xxs,full_temporal,44,1,HT5vyqe0Xaw,0.5725048184394836
tvsum,mobilevit_xxs,full_temporal,44,1,JgHubY5Vw3Y,0.676115870475769
tvsum,mobilevit_xxs,full_temporal,44,1,NyBmCxDoHJU,0.5333042740821838
tvsum,mobilevit_xxs,full_temporal,44,1,WxtbjNsCQ8A,0.439772367477417
tvsum,mobilevit_xxs,full_temporal,44,1,XkqCExn6_Us,0.4639528691768646
tvsum,mobilevit_xxs,full_temporal,44,1,akI8YFjEmUw,0.4542824625968933
tvsum,mobilevit_xxs,full_temporal,44,1,byxOvuiIJV0,0.5701571106910706
tvsum,mobilevit_xxs,full_temporal,44,1,jcoYJXDG9sw,0.4600716233253479
tvsum,mobilevit_xxs,full_temporal,44,1,vdmoEJ5YbrQ,0.5211385488510132
tvsum,mobilevit_xxs,full_temporal,44,1,xxdtq8mxegs,0.645666241645813
tvsum,mobilevit_xxs,full_temporal,44,2,3eYKfiOEJNs,0.4741116166114807
tvsum,mobilevit_xxs,full_temporal,44,2,4wU_LUjG5Ic,0.48776715993881226
tvsum,mobilevit_xxs,full_temporal,44,2,98MoyGZKHXc,0.49441060423851013
tvsum,mobilevit_xxs,full_temporal,44,2,Bhxk-O1Y7Ho,0.5517549514770508
tvsum,mobilevit_xxs,full_temporal,44,2,GsAD1KT1xo8,0.41993507742881775
tvsum,mobilevit_xxs,full_temporal,44,2,J0nA4VgnoCo,0.6018433570861816
tvsum,mobilevit_xxs,full_temporal,44,2,i3wAGJaaktw,0.5389212369918823
tvsum,mobilevit_xxs,full_temporal,44,2,oDXZc0tZe04,0.5586135983467102
tvsum,mobilevit_xxs,full_temporal,44,2,xmEERLqJ2kU,0.5263176560401917
tvsum,mobilevit_xxs,full_temporal,44,2,xwqBXPGE9pQ,0.4313454031944275
tvsum,mobilevit_xxs,full_temporal,44,3,-esJrBWj2d8,0.5573588609695435
tvsum,mobilevit_xxs,full_temporal,44,3,91IHQYk1IQM,0.595573365688324
tvsum,mobilevit_xxs,full_temporal,44,3,E11zDS9XGzg,0.4524686932563782
tvsum,mobilevit_xxs,full_temporal,44,3,JKpqYvAdIsw,0.6203356981277466
tvsum,mobilevit_xxs,full_temporal,44,3,WG0MBPpPC6I,0.6098189949989319
tvsum,mobilevit_xxs,full_temporal,44,3,XzYM3PfTM4w,0.5679725408554077
tvsum,mobilevit_xxs,full_temporal,44,3,b626MiF1ew4,0.5805480480194092
tvsum,mobilevit_xxs,full_temporal,44,3,cjibtmSLxQ4,0.3840942084789276
tvsum,mobilevit_xxs,full_temporal,44,3,eQu1rNs0an0,0.6349880695343018
tvsum,mobilevit_xxs,full_temporal,44,3,uGu_10sucQo,0.44413724541664124
tvsum,mobilevit_xxs,full_temporal,44,4,0tmA_C6XwfM,0.4554497301578522
tvsum,mobilevit_xxs,full_temporal,44,4,37rzWOQsNIw,0.4941472113132477
tvsum,mobilevit_xxs,full_temporal,44,4,EYqVtI9YWJA,0.5181049108505249
tvsum,mobilevit_xxs,full_temporal,44,4,RBCABdttQmI,0.3568621575832367
tvsum,mobilevit_xxs,full_temporal,44,4,VuWGsYPqAX8,0.5760859251022339
tvsum,mobilevit_xxs,full_temporal,44,4,_xMr-HKMfVA,0.2752229571342468
tvsum,mobilevit_xxs,full_temporal,44,4,fWutDQy1nnY,0.5281760692596436
tvsum,mobilevit_xxs,full_temporal,44,4,gzDbaEs1Rlg,0.5268443822860718
tvsum,mobilevit_xxs,full_temporal,44,4,kLxoNp-UchI,0.4399208128452301
tvsum,mobilevit_xxs,full_temporal,44,4,sTEELN-vY30,0.57844078540802
tvsum,mobilevit_xxs,full_temporal,44,5,AwmHb44_ouw,0.510475218296051
tvsum,mobilevit_xxs,full_temporal,44,5,EE-bNr36nyA,0.48851388692855835
tvsum,mobilevit_xxs,full_temporal,44,5,Hl-__g2gn_A,0.5782691240310669
tvsum,mobilevit_xxs,full_temporal,44,5,LRw_obCPUt0,0.5474249720573425
tvsum,mobilevit_xxs,full_temporal,44,5,PJrm840pAUI,0.31990253925323486
tvsum,mobilevit_xxs,full_temporal,44,5,Se3oxnaPsz0,0.45805829763412476
tvsum,mobilevit_xxs,full_temporal,44,5,Yi4Ij2NM7U4,0.5955461263656616
tvsum,mobilevit_xxs,full_temporal,44,5,iVt07TCkFM0,0.46220911890268324
tvsum,mobilevit_xxs,full_temporal,44,5,qqR6AEXwxoQ,0.7647849321365356
tvsum,mobilevit_xxs,full_temporal,44,5,z_6gVvQb2d0,0.46397876739501953
tvsum,mobilevit_xxs,proposed,42,1,HT5vyqe0Xaw,0.6187397837638855
tvsum,mobilevit_xxs,proposed,42,1,JgHubY5Vw3Y,0.6399921774864197
tvsum,mobilevit_xxs,proposed,42,1,NyBmCxDoHJU,0.400869220495224
tvsum,mobilevit_xxs,proposed,42,1,WxtbjNsCQ8A,0.6354280710220337
tvsum,mobilevit_xxs,proposed,42,1,XkqCExn6_Us,0.46623435616493225
tvsum,mobilevit_xxs,proposed,42,1,akI8YFjEmUw,0.39472375735640525
tvsum,mobilevit_xxs,proposed,42,1,byxOvuiIJV0,0.6140149831771851
tvsum,mobilevit_xxs,proposed,42,1,jcoYJXDG9sw,0.37880784273147583
tvsum,mobilevit_xxs,proposed,42,1,vdmoEJ5YbrQ,0.528671383857727
tvsum,mobilevit_xxs,proposed,42,1,xxdtq8mxegs,0.5939744710922241
tvsum,mobilevit_xxs,proposed,42,2,3eYKfiOEJNs,0.5650216937065125
tvsum,mobilevit_xxs,proposed,42,2,4wU_LUjG5Ic,0.24682632088661194
tvsum,mobilevit_xxs,proposed,42,2,98MoyGZKHXc,0.5215089917182922
tvsum,mobilevit_xxs,proposed,42,2,Bhxk-O1Y7Ho,0.6433759927749634
tvsum,mobilevit_xxs,proposed,42,2,GsAD1KT1xo8,0.5583250522613525
tvsum,mobilevit_xxs,proposed,42,2,J0nA4VgnoCo,0.6433364152908325
tvsum,mobilevit_xxs,proposed,42,2,i3wAGJaaktw,0.5561927556991577
tvsum,mobilevit_xxs,proposed,42,2,oDXZc0tZe04,0.5442214012145996
tvsum,mobilevit_xxs,proposed,42,2,xmEERLqJ2kU,0.6158573031425476
tvsum,mobilevit_xxs,proposed,42,2,xwqBXPGE9pQ,0.6059595346450806
tvsum,mobilevit_xxs,proposed,42,3,-esJrBWj2d8,0.5729554295539856
tvsum,mobilevit_xxs,proposed,42,3,91IHQYk1IQM,0.5944706201553345
tvsum,mobilevit_xxs,proposed,42,3,E11zDS9XGzg,0.507564902305603
tvsum,mobilevit_xxs,proposed,42,3,JKpqYvAdIsw,0.5984172224998474
tvsum,mobilevit_xxs,proposed,42,3,WG0MBPpPC6I,0.5638628602027893
tvsum,mobilevit_xxs,proposed,42,3,XzYM3PfTM4w,0.5796379446983337
tvsum,mobilevit_xxs,proposed,42,3,b626MiF1ew4,0.5544211268424988
tvsum,mobilevit_xxs,proposed,42,3,cjibtmSLxQ4,0.5018722414970398
tvsum,mobilevit_xxs,proposed,42,3,eQu1rNs0an0,0.603779673576355
tvsum,mobilevit_xxs,proposed,42,3,uGu_10sucQo,0.44413724541664124
tvsum,mobilevit_xxs,proposed,42,4,0tmA_C6XwfM,0.5585670471191406
tvsum,mobilevit_xxs,proposed,42,4,37rzWOQsNIw,0.6011181473731995
tvsum,mobilevit_xxs,proposed,42,4,EYqVtI9YWJA,0.5499952435493469
tvsum,mobilevit_xxs,proposed,42,4,RBCABdttQmI,0.4647510051727295
tvsum,mobilevit_xxs,proposed,42,4,VuWGsYPqAX8,0.669222354888916
tvsum,mobilevit_xxs,proposed,42,4,_xMr-HKMfVA,0.6183593273162842
tvsum,mobilevit_xxs,proposed,42,4,fWutDQy1nnY,0.5299144983291626
tvsum,mobilevit_xxs,proposed,42,4,gzDbaEs1Rlg,0.6075307130813599
tvsum,mobilevit_xxs,proposed,42,4,kLxoNp-UchI,0.4399208128452301
tvsum,mobilevit_xxs,proposed,42,4,sTEELN-vY30,0.5476624369621277
tvsum,mobilevit_xxs,proposed,42,5,AwmHb44_ouw,0.5333369970321655
tvsum,mobilevit_xxs,proposed,42,5,EE-bNr36nyA,0.337481290102005
tvsum,mobilevit_xxs,proposed,42,5,Hl-__g2gn_A,0.5782691240310669
tvsum,mobilevit_xxs,proposed,42,5,LRw_obCPUt0,0.5646020174026489
tvsum,mobilevit_xxs,proposed,42,5,PJrm840pAUI,0.30808281898498535
tvsum,mobilevit_xxs,proposed,42,5,Se3oxnaPsz0,0.3249932527542114
tvsum,mobilevit_xxs,proposed,42,5,Yi4Ij2NM7U4,0.713968813419342
tvsum,mobilevit_xxs,proposed,42,5,iVt07TCkFM0,0.7269130617380142
tvsum,mobilevit_xxs,proposed,42,5,qqR6AEXwxoQ,0.7647849321365356
tvsum,mobilevit_xxs,proposed,42,5,z_6gVvQb2d0,0.40508347749710083
tvsum,mobilevit_xxs,proposed,43,1,HT5vyqe0Xaw,0.5479789972305298
tvsum,mobilevit_xxs,proposed,43,1,JgHubY5Vw3Y,0.6399921774864197
tvsum,mobilevit_xxs,proposed,43,1,NyBmCxDoHJU,0.52155601978302
tvsum,mobilevit_xxs,proposed,43,1,WxtbjNsCQ8A,0.6613686680793762
tvsum,mobilevit_xxs,proposed,43,1,XkqCExn6_Us,0.5296933650970459
tvsum,mobilevit_xxs,proposed,43,1,akI8YFjEmUw,0.39978222995996476
tvsum,mobilevit_xxs,proposed,43,1,byxOvuiIJV0,0.559207022190094
tvsum,mobilevit_xxs,proposed,43,1,jcoYJXDG9sw,0.42259398102760315
tvsum,mobilevit_xxs,proposed,43,1,vdmoEJ5YbrQ,0.5202089548110962
tvsum,mobilevit_xxs,proposed,43,1,xxdtq8mxegs,0.5170993804931641
tvsum,mobilevit_xxs,proposed,43,2,3eYKfiOEJNs,0.5288333892822266
tvsum,mobilevit_xxs,proposed,43,2,4wU_LUjG5Ic,0.4142147898674011
tvsum,mobilevit_xxs,proposed,43,2,98MoyGZKHXc,0.5215089917182922
tvsum,mobilevit_xxs,proposed,43,2,Bhxk-O1Y7Ho,0.5798629522323608
tvsum,mobilevit_xxs,proposed,43,2,GsAD1KT1xo8,0.5356212258338928
tvsum,mobilevit_xxs,proposed,43,2,J0nA4VgnoCo,0.6368557214736938
tvsum,mobilevit_xxs,proposed,43,2,i3wAGJaaktw,0.6783097982406616
tvsum,mobilevit_xxs,proposed,43,2,oDXZc0tZe04,0.5701225996017456
tvsum,mobilevit_xxs,proposed,43,2,xmEERLqJ2kU,0.6012729406356812
tvsum,mobilevit_xxs,proposed,43,2,xwqBXPGE9pQ,0.5453742146492004
tvsum,mobilevit_xxs,proposed,43,3,-esJrBWj2d8,0.6012591123580933
tvsum,mobilevit_xxs,proposed,43,3,91IHQYk1IQM,0.5634357929229736
tvsum,mobilevit_xxs,proposed,43,3,E11zDS9XGzg,0.478213369846344
tvsum,mobilevit_xxs,proposed,43,3,JKpqYvAdIsw,0.5984172224998474
tvsum,mobilevit_xxs,proposed,43,3,WG0MBPpPC6I,0.5580911040306091
tvsum,mobilevit_xxs,proposed,43,3,XzYM3PfTM4w,0.5869657397270203
tvsum,mobilevit_xxs,proposed,43,3,b626MiF1ew4,0.4603356719017029
tvsum,mobilevit_xxs,proposed,43,3,cjibtmSLxQ4,0.5299016237258911
tvsum,mobilevit_xxs,proposed,43,3,eQu1rNs0an0,0.6058697700500488
tvsum,mobilevit_xxs,proposed,43,3,uGu_10sucQo,0.44413724541664124
tvsum,mobilevit_xxs,proposed,43,4,0tmA_C6XwfM,0.5511276125907898
tvsum,mobilevit_xxs,proposed,43,4,37rzWOQsNIw,0.5450852513313293
tvsum,mobilevit_xxs,proposed,43,4,EYqVtI9YWJA,0.5398606657981873
tvsum,mobilevit_xxs,proposed,43,4,RBCABdttQmI,0.3748356103897095
tvsum,mobilevit_xxs,proposed,43,4,VuWGsYPqAX8,0.669222354888916
tvsum,mobilevit_xxs,proposed,43,4,_xMr-HKMfVA,0.6183593273162842
tvsum,mobilevit_xxs,proposed,43,4,fWutDQy1nnY,0.5480359792709351
tvsum,mobilevit_xxs,proposed,43,4,gzDbaEs1Rlg,0.6123584508895874
tvsum,mobilevit_xxs,proposed,43,4,kLxoNp-UchI,0.4399208128452301
tvsum,mobilevit_xxs,proposed,43,4,sTEELN-vY30,0.5466989874839783
tvsum,mobilevit_xxs,proposed,43,5,AwmHb44_ouw,0.5597883462905884
tvsum,mobilevit_xxs,proposed,43,5,EE-bNr36nyA,0.41423505544662476
tvsum,mobilevit_xxs,proposed,43,5,Hl-__g2gn_A,0.5782691240310669
tvsum,mobilevit_xxs,proposed,43,5,LRw_obCPUt0,0.646767795085907
tvsum,mobilevit_xxs,proposed,43,5,PJrm840pAUI,0.42140284180641174
tvsum,mobilevit_xxs,proposed,43,5,Se3oxnaPsz0,0.3249932527542114
tvsum,mobilevit_xxs,proposed,43,5,Yi4Ij2NM7U4,0.713968813419342
tvsum,mobilevit_xxs,proposed,43,5,iVt07TCkFM0,0.7269130617380142
tvsum,mobilevit_xxs,proposed,43,5,qqR6AEXwxoQ,0.7863458395004272
tvsum,mobilevit_xxs,proposed,43,5,z_6gVvQb2d0,0.47850775718688965
tvsum,mobilevit_xxs,proposed,44,1,HT5vyqe0Xaw,0.6005482077598572
tvsum,mobilevit_xxs,proposed,44,1,JgHubY5Vw3Y,0.6399921774864197
tvsum,mobilevit_xxs,proposed,44,1,NyBmCxDoHJU,0.4130149483680725
tvsum,mobilevit_xxs,proposed,44,1,WxtbjNsCQ8A,0.576644778251648
tvsum,mobilevit_xxs,proposed,44,1,XkqCExn6_Us,0.47208523750305176
tvsum,mobilevit_xxs,proposed,44,1,akI8YFjEmUw,0.3783665023744106
tvsum,mobilevit_xxs,proposed,44,1,byxOvuiIJV0,0.6140149831771851
tvsum,mobilevit_xxs,proposed,44,1,jcoYJXDG9sw,0.45561742782592773
tvsum,mobilevit_xxs,proposed,44,1,vdmoEJ5YbrQ,0.5119962692260742
tvsum,mobilevit_xxs,proposed,44,1,xxdtq8mxegs,0.6799206733703613
tvsum,mobilevit_xxs,proposed,44,2,3eYKfiOEJNs,0.5659338235855103
tvsum,mobilevit_xxs,proposed,44,2,4wU_LUjG5Ic,0.48776715993881226
tvsum,mobilevit_xxs,proposed,44,2,98MoyGZKHXc,0.5632916688919067
tvsum,mobilevit_xxs,proposed,44,2,Bhxk-O1Y7Ho,0.550136923789978
tvsum,mobilevit_xxs,proposed,44,2,GsAD1KT1xo8,0.531498908996582
tvsum,mobilevit_xxs,proposed,44,2,J0nA4VgnoCo,0.6083745360374451
tvsum,mobilevit_xxs,proposed,44,2,i3wAGJaaktw,0.7284271717071533
tvsum,mobilevit_xxs,proposed,44,2,oDXZc0tZe04,0.5645354986190796
tvsum,mobilevit_xxs,proposed,44,2,xmEERLqJ2kU,0.6450351476669312
tvsum,mobilevit_xxs,proposed,44,2,xwqBXPGE9pQ,0.6163342595100403
tvsum,mobilevit_xxs,proposed,44,3,-esJrBWj2d8,0.5799045562744141
tvsum,mobilevit_xxs,proposed,44,3,91IHQYk1IQM,0.5944706201553345
tvsum,mobilevit_xxs,proposed,44,3,E11zDS9XGzg,0.47592681646347046
tvsum,mobilevit_xxs,proposed,44,3,JKpqYvAdIsw,0.5984172224998474
tvsum,mobilevit_xxs,proposed,44,3,WG0MBPpPC6I,0.586111307144165
tvsum,mobilevit_xxs,proposed,44,3,XzYM3PfTM4w,0.5869657397270203
tvsum,mobilevit_xxs,proposed,44,3,b626MiF1ew4,0.47879308462142944
tvsum,mobilevit_xxs,proposed,44,3,cjibtmSLxQ4,0.4814663529396057
tvsum,mobilevit_xxs,proposed,44,3,eQu1rNs0an0,0.5605944395065308
tvsum,mobilevit_xxs,proposed,44,3,uGu_10sucQo,0.44413724541664124
tvsum,mobilevit_xxs,proposed,44,4,0tmA_C6XwfM,0.5511276125907898
tvsum,mobilevit_xxs,proposed,44,4,37rzWOQsNIw,0.5924039483070374
tvsum,mobilevit_xxs,proposed,44,4,EYqVtI9YWJA,0.6653141975402832
tvsum,mobilevit_xxs,proposed,44,4,RBCABdttQmI,0.4414392113685608
tvsum,mobilevit_xxs,proposed,44,4,VuWGsYPqAX8,0.6823120713233948
tvsum,mobilevit_xxs,proposed,44,4,_xMr-HKMfVA,0.7330964207649231
tvsum,mobilevit_xxs,proposed,44,4,fWutDQy1nnY,0.555634617805481
tvsum,mobilevit_xxs,proposed,44,4,gzDbaEs1Rlg,0.627660870552063
tvsum,mobilevit_xxs,proposed,44,4,kLxoNp-UchI,0.42111262679100037
tvsum,mobilevit_xxs,proposed,44,4,sTEELN-vY30,0.5556915402412415
tvsum,mobilevit_xxs,proposed,44,5,AwmHb44_ouw,0.4048308730125427
tvsum,mobilevit_xxs,proposed,44,5,EE-bNr36nyA,0.41423505544662476
tvsum,mobilevit_xxs,proposed,44,5,Hl-__g2gn_A,0.5782691240310669
tvsum,mobilevit_xxs,proposed,44,5,LRw_obCPUt0,0.572769820690155
tvsum,mobilevit_xxs,proposed,44,5,PJrm840pAUI,0.42136111855506897
tvsum,mobilevit_xxs,proposed,44,5,Se3oxnaPsz0,0.5270763635635376
tvsum,mobilevit_xxs,proposed,44,5,Yi4Ij2NM7U4,0.72089684009552
tvsum,mobilevit_xxs,proposed,44,5,iVt07TCkFM0,0.45385441184043884
tvsum,mobilevit_xxs,proposed,44,5,qqR6AEXwxoQ,0.7672423720359802
tvsum,mobilevit_xxs,proposed,44,5,z_6gVvQb2d0,0.4429644048213959
tvsum,mobilenetv3_small_100,pure,42,1,HT5vyqe0Xaw,0.5158350467681885
tvsum,mobilenetv3_small_100,pure,42,1,JgHubY5Vw3Y,0.7138766050338745
tvsum,mobilenetv3_small_100,pure,42,1,NyBmCxDoHJU,0.519710898399353
tvsum,mobilenetv3_small_100,pure,42,1,WxtbjNsCQ8A,0.666032075881958
tvsum,mobilenetv3_small_100,pure,42,1,XkqCExn6_Us,0.5398491621017456
tvsum,mobilenetv3_small_100,pure,42,1,akI8YFjEmUw,0.4542824625968933
tvsum,mobilenetv3_small_100,pure,42,1,byxOvuiIJV0,0.5447756052017212
tvsum,mobilenetv3_small_100,pure,42,1,jcoYJXDG9sw,0.3460973799228668
tvsum,mobilenetv3_small_100,pure,42,1,vdmoEJ5YbrQ,0.5338050723075867
tvsum,mobilenetv3_small_100,pure,42,1,xxdtq8mxegs,0.7524257302284241
tvsum,mobilenetv3_small_100,pure,42,2,3eYKfiOEJNs,0.5422346591949463
tvsum,mobilenetv3_small_100,pure,42,2,4wU_LUjG5Ic,0.45197176933288574
tvsum,mobilenetv3_small_100,pure,42,2,98MoyGZKHXc,0.510029673576355
tvsum,mobilenetv3_small_100,pure,42,2,Bhxk-O1Y7Ho,0.6664227843284607
tvsum,mobilenetv3_small_100,pure,42,2,GsAD1KT1xo8,0.5892237424850464
tvsum,mobilenetv3_small_100,pure,42,2,J0nA4VgnoCo,0.5797935724258423
tvsum,mobilenetv3_small_100,pure,42,2,i3wAGJaaktw,0.6453984975814819
tvsum,mobilenetv3_small_100,pure,42,2,oDXZc0tZe04,0.5295276045799255
tvsum,mobilenetv3_small_100,pure,42,2,xmEERLqJ2kU,0.6603325605392456
tvsum,mobilenetv3_small_100,pure,42,2,xwqBXPGE9pQ,0.49849510192871094
tvsum,mobilenetv3_small_100,pure,42,3,-esJrBWj2d8,0.5053139925003052
tvsum,mobilenetv3_small_100,pure,42,3,91IHQYk1IQM,0.5629324316978455
tvsum,mobilenetv3_small_100,pure,42,3,E11zDS9XGzg,0.49378809332847595
tvsum,mobilenetv3_small_100,pure,42,3,JKpqYvAdIsw,0.5751842260360718
tvsum,mobilenetv3_small_100,pure,42,3,WG0MBPpPC6I,0.554444432258606
tvsum,mobilenetv3_small_100,pure,42,3,XzYM3PfTM4w,0.6482031345367432
tvsum,mobilenetv3_small_100,pure,42,3,b626MiF1ew4,0.5578280687332153
tvsum,mobilenetv3_small_100,pure,42,3,cjibtmSLxQ4,0.4315088391304016
tvsum,mobilenetv3_small_100,pure,42,3,eQu1rNs0an0,0.6707748174667358
tvsum,mobilenetv3_small_100,pure,42,3,uGu_10sucQo,0.44413724541664124
tvsum,mobilenetv3_small_100,pure,42,4,0tmA_C6XwfM,0.361979603767395
tvsum,mobilenetv3_small_100,pure,42,4,37rzWOQsNIw,0.5924039483070374
tvsum,mobilenetv3_small_100,pure,42,4,EYqVtI9YWJA,0.6006627678871155
tvsum,mobilenetv3_small_100,pure,42,4,RBCABdttQmI,0.33489641547203064
tvsum,mobilenetv3_small_100,pure,42,4,VuWGsYPqAX8,0.5769588947296143
tvsum,mobilenetv3_small_100,pure,42,4,_xMr-HKMfVA,0.5188152194023132
tvsum,mobilenetv3_small_100,pure,42,4,fWutDQy1nnY,0.5269476771354675
tvsum,mobilenetv3_small_100,pure,42,4,gzDbaEs1Rlg,0.6283136606216431
tvsum,mobilenetv3_small_100,pure,42,4,kLxoNp-UchI,0.4767245352268219
tvsum,mobilenetv3_small_100,pure,42,4,sTEELN-vY30,0.5455785989761353
tvsum,mobilenetv3_small_100,pure,42,5,AwmHb44_ouw,0.6925168633460999
tvsum,mobilenetv3_small_100,pure,42,5,EE-bNr36nyA,0.41423505544662476
tvsum,mobilenetv3_small_100,pure,42,5,Hl-__g2gn_A,0.5899701118469238
tvsum,mobilenetv3_small_100,pure,42,5,LRw_obCPUt0,0.5646020174026489
tvsum,mobilenetv3_small_100,pure,42,5,PJrm840pAUI,0.3884177505970001
tvsum,mobilenetv3_small_100,pure,42,5,Se3oxnaPsz0,0.5087032914161682
tvsum,mobilenetv3_small_100,pure,42,5,Yi4Ij2NM7U4,0.656611442565918
tvsum,mobilenetv3_small_100,pure,42,5,iVt07TCkFM0,0.7269130617380142
tvsum,mobilenetv3_small_100,pure,42,5,qqR6AEXwxoQ,0.8100790977478027
tvsum,mobilenetv3_small_100,pure,42,5,z_6gVvQb2d0,0.5908602476119995
tvsum,mobilenetv3_small_100,pure,43,1,HT5vyqe0Xaw,0.4509798586368561
tvsum,mobilenetv3_small_100,pure,43,1,JgHubY5Vw3Y,0.7138766050338745
tvsum,mobilenetv3_small_100,pure,43,1,NyBmCxDoHJU,0.519710898399353
tvsum,mobilenetv3_small_100,pure,43,1,WxtbjNsCQ8A,0.6726024150848389
tvsum,mobilenetv3_small_100,pure,43,1,XkqCExn6_Us,0.5457035303115845
tvsum,mobilenetv3_small_100,pure,43,1,akI8YFjEmUw,0.45433226227760315
tvsum,mobilenetv3_small_100,pure,43,1,byxOvuiIJV0,0.5929001569747925
tvsum,mobilenetv3_small_100,pure,43,1,jcoYJXDG9sw,0.4269007742404938
tvsum,mobilenetv3_small_100,pure,43,1,vdmoEJ5YbrQ,0.5076344013214111
tvsum,mobilenetv3_small_100,pure,43,1,xxdtq8mxegs,0.7524257302284241
tvsum,mobilenetv3_small_100,pure,43,2,3eYKfiOEJNs,0.6467944383621216
tvsum,mobilenetv3_small_100,pure,43,2,4wU_LUjG5Ic,0.5149405598640442
tvsum,mobilenetv3_small_100,pure,43,2,98MoyGZKHXc,0.510029673576355
tvsum,mobilenetv3_small_100,pure,43,2,Bhxk-O1Y7Ho,0.6295300722122192
tvsum,mobilenetv3_small_100,pure,43,2,GsAD1KT1xo8,0.6399780511856079
tvsum,mobilenetv3_small_100,pure,43,2,J0nA4VgnoCo,0.5479504466056824
tvsum,mobilenetv3_small_100,pure,43,2,i3wAGJaaktw,0.679935097694397
tvsum,mobilenetv3_small_100,pure,43,2,oDXZc0tZe04,0.542929470539093
tvsum,mobilenetv3_small_100,pure,43,2,xmEERLqJ2kU,0.6412376165390015
tvsum,mobilenetv3_small_100,pure,43,2,xwqBXPGE9pQ,0.37599968910217285
tvsum,mobilenetv3_small_100,pure,43,3,-esJrBWj2d8,0.6009165644645691
tvsum,mobilenetv3_small_100,pure,43,3,91IHQYk1IQM,0.6295318007469177
tvsum,mobilenetv3_small_100,pure,43,3,E11zDS9XGzg,0.5028569102287292
tvsum,mobilenetv3_small_100,pure,43,3,JKpqYvAdIsw,0.5954240560531616
tvsum,mobilenetv3_small_100,pure,43,3,WG0MBPpPC6I,0.5460654497146606
tvsum,mobilenetv3_small_100,pure,43,3,XzYM3PfTM4w,0.5557838082313538
tvsum,mobilenetv3_small_100,pure,43,3,b626MiF1ew4,0.48796820640563965
tvsum,mobilenetv3_small_100,pure,43,3,cjibtmSLxQ4,0.3786129355430603
tvsum,mobilenetv3_small_100,pure,43,3,eQu1rNs0an0,0.6457684636116028
tvsum,mobilenetv3_small_100,pure,43,3,uGu_10sucQo,0.3321741815656424
tvsum,mobilenetv3_small_100,pure,43,4,0tmA_C6XwfM,0.5511276125907898
tvsum,mobilenetv3_small_100,pure,43,4,37rzWOQsNIw,0.5663442015647888
tvsum,mobilenetv3_small_100,pure,43,4,EYqVtI9YWJA,0.6986116170883179
tvsum,mobilenetv3_small_100,pure,43,4,RBCABdttQmI,0.4201793670654297
tvsum,mobilenetv3_small_100,pure,43,4,VuWGsYPqAX8,0.5154860019683838
tvsum,mobilenetv3_small_100,pure,43,4,_xMr-HKMfVA,0.7194646000862122
tvsum,mobilenetv3_small_100,pure,43,4,fWutDQy1nnY,0.5655128955841064
tvsum,mobilenetv3_small_100,pure,43,4,gzDbaEs1Rlg,0.564526379108429
tvsum,mobilenetv3_small_100,pure,43,4,kLxoNp-UchI,0.450518935918808
tvsum,mobilenetv3_small_100,pure,43,4,sTEELN-vY30,0.57844078540802
tvsum,mobilenetv3_small_100,pure,43,5,AwmHb44_ouw,0.6847279071807861
tvsum,mobilenetv3_small_100,pure,43,5,EE-bNr36nyA,0.337481290102005
tvsum,mobilenetv3_small_100,pure,43,5,Hl-__g2gn_A,0.5899701118469238
tvsum,mobilenetv3_small_100,pure,43,5,LRw_obCPUt0,0.5646020174026489
tvsum,mobilenetv3_small_100,pure,43,5,PJrm840pAUI,0.38495826721191406
tvsum,mobilenetv3_small_100,pure,43,5,Se3oxnaPsz0,0.5087032914161682
tvsum,mobilenetv3_small_100,pure,43,5,Yi4Ij2NM7U4,0.6907954216003418
tvsum,mobilenetv3_small_100,pure,43,5,iVt07TCkFM0,0.7269130617380142
tvsum,mobilenetv3_small_100,pure,43,5,qqR6AEXwxoQ,0.7717157602310181
tvsum,mobilenetv3_small_100,pure,43,5,z_6gVvQb2d0,0.5402283668518066
tvsum,mobilenetv3_small_100,pure,44,1,HT5vyqe0Xaw,0.5255182385444641
tvsum,mobilenetv3_small_100,pure,44,1,JgHubY5Vw3Y,0.7138766050338745
tvsum,mobilenetv3_small_100,pure,44,1,NyBmCxDoHJU,0.5328320264816284
tvsum,mobilenetv3_small_100,pure,44,1,WxtbjNsCQ8A,0.5961596965789795
tvsum,mobilenetv3_small_100,pure,44,1,XkqCExn6_Us,0.5398491621017456
tvsum,mobilenetv3_small_100,pure,44,1,akI8YFjEmUw,0.4205217957496643
tvsum,mobilenetv3_small_100,pure,44,1,byxOvuiIJV0,0.6140149831771851
tvsum,mobilenetv3_small_100,pure,44,1,jcoYJXDG9sw,0.3251170516014099
tvsum,mobilenetv3_small_100,pure,44,1,vdmoEJ5YbrQ,0.5259851217269897
tvsum,mobilenetv3_small_100,pure,44,1,xxdtq8mxegs,0.7524257302284241
tvsum,mobilenetv3_small_100,pure,44,2,3eYKfiOEJNs,0.5659338235855103
tvsum,mobilenetv3_small_100,pure,44,2,4wU_LUjG5Ic,0.42263492941856384
tvsum,mobilenetv3_small_100,pure,44,2,98MoyGZKHXc,0.4059824049472809
tvsum,mobilenetv3_small_100,pure,44,2,Bhxk-O1Y7Ho,0.6122041940689087
tvsum,mobilenetv3_small_100,pure,44,2,GsAD1KT1xo8,0.5940929651260376
tvsum,mobilenetv3_small_100,pure,44,2,J0nA4VgnoCo,0.5649149417877197
tvsum,mobilenetv3_small_100,pure,44,2,i3wAGJaaktw,0.7284271717071533
tvsum,mobilenetv3_small_100,pure,44,2,oDXZc0tZe04,0.5173896551132202
tvsum,mobilenetv3_small_100,pure,44,2,xmEERLqJ2kU,0.6485546827316284
tvsum,mobilenetv3_small_100,pure,44,2,xwqBXPGE9pQ,0.4750484824180603
tvsum,mobilenetv3_small_100,pure,44,3,-esJrBWj2d8,0.583858072757721
tvsum,mobilenetv3_small_100,pure,44,3,91IHQYk1IQM,0.5629324316978455
tvsum,mobilenetv3_small_100,pure,44,3,E11zDS9XGzg,0.4967139661312103
tvsum,mobilenetv3_small_100,pure,44,3,JKpqYvAdIsw,0.5357762575149536
tvsum,mobilenetv3_small_100,pure,44,3,WG0MBPpPC6I,0.5610585808753967
tvsum,mobilenetv3_small_100,pure,44,3,XzYM3PfTM4w,0.6276049613952637
tvsum,mobilenetv3_small_100,pure,44,3,b626MiF1ew4,0.5782472491264343
tvsum,mobilenetv3_small_100,pure,44,3,cjibtmSLxQ4,0.48746585845947266
tvsum,mobilenetv3_small_100,pure,44,3,eQu1rNs0an0,0.6707748174667358
tvsum,mobilenetv3_small_100,pure,44,3,uGu_10sucQo,0.41216692328453064
tvsum,mobilenetv3_small_100,pure,44,4,0tmA_C6XwfM,0.5511276125907898
tvsum,mobilenetv3_small_100,pure,44,4,37rzWOQsNIw,0.5987563133239746
tvsum,mobilenetv3_small_100,pure,44,4,EYqVtI9YWJA,0.691401481628418
tvsum,mobilenetv3_small_100,pure,44,4,RBCABdttQmI,0.45359739661216736
tvsum,mobilenetv3_small_100,pure,44,4,VuWGsYPqAX8,0.5136510729789734
tvsum,mobilenetv3_small_100,pure,44,4,_xMr-HKMfVA,0.6704065203666687
tvsum,mobilenetv3_small_100,pure,44,4,fWutDQy1nnY,0.5150091052055359
tvsum,mobilenetv3_small_100,pure,44,4,gzDbaEs1Rlg,0.5604809522628784
tvsum,mobilenetv3_small_100,pure,44,4,kLxoNp-UchI,0.46588826179504395
tvsum,mobilenetv3_small_100,pure,44,4,sTEELN-vY30,0.5686842203140259
tvsum,mobilenetv3_small_100,pure,44,5,AwmHb44_ouw,0.6156839728355408
tvsum,mobilenetv3_small_100,pure,44,5,EE-bNr36nyA,0.34039050340652466
tvsum,mobilenetv3_small_100,pure,44,5,Hl-__g2gn_A,0.6480752229690552
tvsum,mobilenetv3_small_100,pure,44,5,LRw_obCPUt0,0.5705326795578003
tvsum,mobilenetv3_small_100,pure,44,5,PJrm840pAUI,0.3988036811351776
tvsum,mobilenetv3_small_100,pure,44,5,Se3oxnaPsz0,0.5087032914161682
tvsum,mobilenetv3_small_100,pure,44,5,Yi4Ij2NM7U4,0.7174175977706909
tvsum,mobilenetv3_small_100,pure,44,5,iVt07TCkFM0,0.7269130617380142
tvsum,mobilenetv3_small_100,pure,44,5,qqR6AEXwxoQ,0.7863458395004272
tvsum,mobilenetv3_small_100,pure,44,5,z_6gVvQb2d0,0.5529786944389343
tvsum,mobilenetv3_small_100,surgery_only,42,1,HT5vyqe0Xaw,0.41328200697898865
tvsum,mobilenetv3_small_100,surgery_only,42,1,JgHubY5Vw3Y,0.5335782170295715
tvsum,mobilenetv3_small_100,surgery_only,42,1,NyBmCxDoHJU,0.519710898399353
tvsum,mobilenetv3_small_100,surgery_only,42,1,WxtbjNsCQ8A,0.6661257743835449
tvsum,mobilenetv3_small_100,surgery_only,42,1,XkqCExn6_Us,0.4485946595668793
tvsum,mobilenetv3_small_100,surgery_only,42,1,akI8YFjEmUw,0.3848671317100525
tvsum,mobilenetv3_small_100,surgery_only,42,1,byxOvuiIJV0,0.551513671875
tvsum,mobilenetv3_small_100,surgery_only,42,1,jcoYJXDG9sw,0.4901084005832672
tvsum,mobilenetv3_small_100,surgery_only,42,1,vdmoEJ5YbrQ,0.3774412274360657
tvsum,mobilenetv3_small_100,surgery_only,42,1,xxdtq8mxegs,0.6623806357383728
tvsum,mobilenetv3_small_100,surgery_only,42,2,3eYKfiOEJNs,0.6117503643035889
tvsum,mobilenetv3_small_100,surgery_only,42,2,4wU_LUjG5Ic,0.5459269285202026
tvsum,mobilenetv3_small_100,surgery_only,42,2,98MoyGZKHXc,0.5442389249801636
tvsum,mobilenetv3_small_100,surgery_only,42,2,Bhxk-O1Y7Ho,0.5834726095199585
tvsum,mobilenetv3_small_100,surgery_only,42,2,GsAD1KT1xo8,0.5235320329666138
tvsum,mobilenetv3_small_100,surgery_only,42,2,J0nA4VgnoCo,0.6092555522918701
tvsum,mobilenetv3_small_100,surgery_only,42,2,i3wAGJaaktw,0.6259065866470337
tvsum,mobilenetv3_small_100,surgery_only,42,2,oDXZc0tZe04,0.3240963816642761
tvsum,mobilenetv3_small_100,surgery_only,42,2,xmEERLqJ2kU,0.5902501344680786
tvsum,mobilenetv3_small_100,surgery_only,42,2,xwqBXPGE9pQ,0.5681127309799194
tvsum,mobilenetv3_small_100,surgery_only,42,3,-esJrBWj2d8,0.5841357707977295
tvsum,mobilenetv3_small_100,surgery_only,42,3,91IHQYk1IQM,0.5922423005104065
tvsum,mobilenetv3_small_100,surgery_only,42,3,E11zDS9XGzg,0.5185800790786743
tvsum,mobilenetv3_small_100,surgery_only,42,3,JKpqYvAdIsw,0.5758234858512878
tvsum,mobilenetv3_small_100,surgery_only,42,3,WG0MBPpPC6I,0.5186676383018494
tvsum,mobilenetv3_small_100,surgery_only,42,3,XzYM3PfTM4w,0.660819947719574
tvsum,mobilenetv3_small_100,surgery_only,42,3,b626MiF1ew4,0.5567774176597595
tvsum,mobilenetv3_small_100,surgery_only,42,3,cjibtmSLxQ4,0.4422164559364319
tvsum,mobilenetv3_small_100,surgery_only,42,3,eQu1rNs0an0,0.6349880695343018
tvsum,mobilenetv3_small_100,surgery_only,42,3,uGu_10sucQo,0.41216692328453064
tvsum,mobilenetv3_small_100,surgery_only,42,4,0tmA_C6XwfM,0.4928869605064392
tvsum,mobilenetv3_small_100,surgery_only,42,4,37rzWOQsNIw,0.6150073409080505
tvsum,mobilenetv3_small_100,surgery_only,42,4,EYqVtI9YWJA,0.6537541151046753
tvsum,mobilenetv3_small_100,surgery_only,42,4,RBCABdttQmI,0.4029977321624756
tvsum,mobilenetv3_small_100,surgery_only,42,4,VuWGsYPqAX8,0.6295260787010193
tvsum,mobilenetv3_small_100,surgery_only,42,4,_xMr-HKMfVA,0.4554480016231537
tvsum,mobilenetv3_small_100,surgery_only,42,4,fWutDQy1nnY,0.48385968804359436
tvsum,mobilenetv3_small_100,surgery_only,42,4,gzDbaEs1Rlg,0.5620958209037781
tvsum,mobilenetv3_small_100,surgery_only,42,4,kLxoNp-UchI,0.4887765347957611
tvsum,mobilenetv3_small_100,surgery_only,42,4,sTEELN-vY30,0.5686842203140259
tvsum,mobilenetv3_small_100,surgery_only,42,5,AwmHb44_ouw,0.6167622804641724
tvsum,mobilenetv3_small_100,surgery_only,42,5,EE-bNr36nyA,0.2868916094303131
tvsum,mobilenetv3_small_100,surgery_only,42,5,Hl-__g2gn_A,0.6176532506942749
tvsum,mobilenetv3_small_100,surgery_only,42,5,LRw_obCPUt0,0.5439141988754272
tvsum,mobilenetv3_small_100,surgery_only,42,5,PJrm840pAUI,0.3062356114387512
tvsum,mobilenetv3_small_100,surgery_only,42,5,Se3oxnaPsz0,0.5635846853256226
tvsum,mobilenetv3_small_100,surgery_only,42,5,Yi4Ij2NM7U4,0.6467750668525696
tvsum,mobilenetv3_small_100,surgery_only,42,5,iVt07TCkFM0,0.7269130617380142
tvsum,mobilenetv3_small_100,surgery_only,42,5,qqR6AEXwxoQ,0.6592263579368591
tvsum,mobilenetv3_small_100,surgery_only,42,5,z_6gVvQb2d0,0.5749107599258423
tvsum,mobilenetv3_small_100,surgery_only,43,1,HT5vyqe0Xaw,0.5060461759567261
tvsum,mobilenetv3_small_100,surgery_only,43,1,JgHubY5Vw3Y,0.5335782170295715
tvsum,mobilenetv3_small_100,surgery_only,43,1,NyBmCxDoHJU,0.519710898399353
tvsum,mobilenetv3_small_100,surgery_only,43,1,WxtbjNsCQ8A,0.6014329791069031
tvsum,mobilenetv3_small_100,surgery_only,43,1,XkqCExn6_Us,0.3537978231906891
tvsum,mobilenetv3_small_100,surgery_only,43,1,akI8YFjEmUw,0.3974359929561615
tvsum,mobilenetv3_small_100,surgery_only,43,1,byxOvuiIJV0,0.6001308560371399
tvsum,mobilenetv3_small_100,surgery_only,43,1,jcoYJXDG9sw,0.3522278666496277
tvsum,mobilenetv3_small_100,surgery_only,43,1,vdmoEJ5YbrQ,0.45801401138305664
tvsum,mobilenetv3_small_100,surgery_only,43,1,xxdtq8mxegs,0.6623806357383728
tvsum,mobilenetv3_small_100,surgery_only,43,2,3eYKfiOEJNs,0.5719972252845764
tvsum,mobilenetv3_small_100,surgery_only,43,2,4wU_LUjG5Ic,0.48776715993881226
tvsum,mobilenetv3_small_100,surgery_only,43,2,98MoyGZKHXc,0.5114823579788208
tvsum,mobilenetv3_small_100,surgery_only,43,2,Bhxk-O1Y7Ho,0.6271289587020874
tvsum,mobilenetv3_small_100,surgery_only,43,2,GsAD1KT1xo8,0.37035393714904785
tvsum,mobilenetv3_small_100,surgery_only,43,2,J0nA4VgnoCo,0.5747911930084229
tvsum,mobilenetv3_small_100,surgery_only,43,2,i3wAGJaaktw,0.7155799269676208
tvsum,mobilenetv3_small_100,surgery_only,43,2,oDXZc0tZe04,0.36886414885520935
tvsum,mobilenetv3_small_100,surgery_only,43,2,xmEERLqJ2kU,0.591367781162262
tvsum,mobilenetv3_small_100,surgery_only,43,2,xwqBXPGE9pQ,0.47151532769203186
tvsum,mobilenetv3_small_100,surgery_only,43,3,-esJrBWj2d8,0.5714050531387329
tvsum,mobilenetv3_small_100,surgery_only,43,3,91IHQYk1IQM,0.5816904902458191
tvsum,mobilenetv3_small_100,surgery_only,43,3,E11zDS9XGzg,0.5051635503768921
tvsum,mobilenetv3_small_100,surgery_only,43,3,JKpqYvAdIsw,0.4984641671180725
tvsum,mobilenetv3_small_100,surgery_only,43,3,WG0MBPpPC6I,0.4248615801334381
tvsum,mobilenetv3_small_100,surgery_only,43,3,XzYM3PfTM4w,0.6482031345367432
tvsum,mobilenetv3_small_100,surgery_only,43,3,b626MiF1ew4,0.5253714323043823
tvsum,mobilenetv3_small_100,surgery_only,43,3,cjibtmSLxQ4,0.3690398335456848
tvsum,mobilenetv3_small_100,surgery_only,43,3,eQu1rNs0an0,0.6058697700500488
tvsum,mobilenetv3_small_100,surgery_only,43,3,uGu_10sucQo,0.4402219787240028
tvsum,mobilenetv3_small_100,surgery_only,43,4,0tmA_C6XwfM,0.5958495140075684
tvsum,mobilenetv3_small_100,surgery_only,43,4,37rzWOQsNIw,0.6111263036727905
tvsum,mobilenetv3_small_100,surgery_only,43,4,EYqVtI9YWJA,0.5804328322410583
tvsum,mobilenetv3_small_100,surgery_only,43,4,RBCABdttQmI,0.3396461308002472
tvsum,mobilenetv3_small_100,surgery_only,43,4,VuWGsYPqAX8,0.669222354888916
tvsum,mobilenetv3_small_100,surgery_only,43,4,_xMr-HKMfVA,0.43324047327041626
tvsum,mobilenetv3_small_100,surgery_only,43,4,fWutDQy1nnY,0.5455313920974731
tvsum,mobilenetv3_small_100,surgery_only,43,4,gzDbaEs1Rlg,0.5623368620872498
tvsum,mobilenetv3_small_100,surgery_only,43,4,kLxoNp-UchI,0.5037392973899841
tvsum,mobilenetv3_small_100,surgery_only,43,4,sTEELN-vY30,0.5988610982894897
tvsum,mobilenetv3_small_100,surgery_only,43,5,AwmHb44_ouw,0.46873608231544495
tvsum,mobilenetv3_small_100,surgery_only,43,5,EE-bNr36nyA,0.34800103306770325
tvsum,mobilenetv3_small_100,surgery_only,43,5,Hl-__g2gn_A,0.6135133504867554
tvsum,mobilenetv3_small_100,surgery_only,43,5,LRw_obCPUt0,0.5528535842895508
tvsum,mobilenetv3_small_100,surgery_only,43,5,PJrm840pAUI,0.30633243918418884
tvsum,mobilenetv3_small_100,surgery_only,43,5,Se3oxnaPsz0,0.5589424967765808
tvsum,mobilenetv3_small_100,surgery_only,43,5,Yi4Ij2NM7U4,0.6463092565536499
tvsum,mobilenetv3_small_100,surgery_only,43,5,iVt07TCkFM0,0.7269130617380142
tvsum,mobilenetv3_small_100,surgery_only,43,5,qqR6AEXwxoQ,0.7684007287025452
tvsum,mobilenetv3_small_100,surgery_only,43,5,z_6gVvQb2d0,0.4757075309753418
tvsum,mobilenetv3_small_100,surgery_only,44,1,HT5vyqe0Xaw,0.5220333337783813
tvsum,mobilenetv3_small_100,surgery_only,44,1,JgHubY5Vw3Y,0.6458799839019775
tvsum,mobilenetv3_small_100,surgery_only,44,1,NyBmCxDoHJU,0.5098103284835815
tvsum,mobilenetv3_small_100,surgery_only,44,1,WxtbjNsCQ8A,0.6655046343803406
tvsum,mobilenetv3_small_100,surgery_only,44,1,XkqCExn6_Us,0.4159187376499176
tvsum,mobilenetv3_small_100,surgery_only,44,1,akI8YFjEmUw,0.43416383415460585
tvsum,mobilenetv3_small_100,surgery_only,44,1,byxOvuiIJV0,0.5929001569747925
tvsum,mobilenetv3_small_100,surgery_only,44,1,jcoYJXDG9sw,0.3324541449546814
tvsum,mobilenetv3_small_100,surgery_only,44,1,vdmoEJ5YbrQ,0.43761691451072693
tvsum,mobilenetv3_small_100,surgery_only,44,1,xxdtq8mxegs,0.7524257302284241
tvsum,mobilenetv3_small_100,surgery_only,44,2,3eYKfiOEJNs,0.4891507029533386
tvsum,mobilenetv3_small_100,surgery_only,44,2,4wU_LUjG5Ic,0.48719358444213867
tvsum,mobilenetv3_small_100,surgery_only,44,2,98MoyGZKHXc,0.510029673576355
tvsum,mobilenetv3_small_100,surgery_only,44,2,Bhxk-O1Y7Ho,0.557104229927063
tvsum,mobilenetv3_small_100,surgery_only,44,2,GsAD1KT1xo8,0.48376497626304626
tvsum,mobilenetv3_small_100,surgery_only,44,2,J0nA4VgnoCo,0.5827588438987732
tvsum,mobilenetv3_small_100,surgery_only,44,2,i3wAGJaaktw,0.6259065866470337
tvsum,mobilenetv3_small_100,surgery_only,44,2,oDXZc0tZe04,0.4730931222438812
tvsum,mobilenetv3_small_100,surgery_only,44,2,xmEERLqJ2kU,0.6482394337654114
tvsum,mobilenetv3_small_100,surgery_only,44,2,xwqBXPGE9pQ,0.5215822458267212
tvsum,mobilenetv3_small_100,surgery_only,44,3,-esJrBWj2d8,0.5487568378448486
tvsum,mobilenetv3_small_100,surgery_only,44,3,91IHQYk1IQM,0.5550781488418579
tvsum,mobilenetv3_small_100,surgery_only,44,3,E11zDS9XGzg,0.5181859731674194
tvsum,mobilenetv3_small_100,surgery_only,44,3,JKpqYvAdIsw,0.5071439743041992
tvsum,mobilenetv3_small_100,surgery_only,44,3,WG0MBPpPC6I,0.5743857622146606
tvsum,mobilenetv3_small_100,surgery_only,44,3,XzYM3PfTM4w,0.6482031345367432
tvsum,mobilenetv3_small_100,surgery_only,44,3,b626MiF1ew4,0.5180910229682922
tvsum,mobilenetv3_small_100,surgery_only,44,3,cjibtmSLxQ4,0.4752790331840515
tvsum,mobilenetv3_small_100,surgery_only,44,3,eQu1rNs0an0,0.6551379561424255
tvsum,mobilenetv3_small_100,surgery_only,44,3,uGu_10sucQo,0.3919917389750481
tvsum,mobilenetv3_small_100,surgery_only,44,4,0tmA_C6XwfM,0.5407792925834656
tvsum,mobilenetv3_small_100,surgery_only,44,4,37rzWOQsNIw,0.5921066999435425
tvsum,mobilenetv3_small_100,surgery_only,44,4,EYqVtI9YWJA,0.5821470022201538
tvsum,mobilenetv3_small_100,surgery_only,44,4,RBCABdttQmI,0.4368457794189453
tvsum,mobilenetv3_small_100,surgery_only,44,4,VuWGsYPqAX8,0.6295260787010193
tvsum,mobilenetv3_small_100,surgery_only,44,4,_xMr-HKMfVA,0.7288106083869934
tvsum,mobilenetv3_small_100,surgery_only,44,4,fWutDQy1nnY,0.5276942849159241
tvsum,mobilenetv3_small_100,surgery_only,44,4,gzDbaEs1Rlg,0.5125428438186646
tvsum,mobilenetv3_small_100,surgery_only,44,4,kLxoNp-UchI,0.4342350959777832
tvsum,mobilenetv3_small_100,surgery_only,44,4,sTEELN-vY30,0.6086445450782776
tvsum,mobilenetv3_small_100,surgery_only,44,5,AwmHb44_ouw,0.7057639360427856
tvsum,mobilenetv3_small_100,surgery_only,44,5,EE-bNr36nyA,0.3075888752937317
tvsum,mobilenetv3_small_100,surgery_only,44,5,Hl-__g2gn_A,0.634743869304657
tvsum,mobilenetv3_small_100,surgery_only,44,5,LRw_obCPUt0,0.5957709550857544
tvsum,mobilenetv3_small_100,surgery_only,44,5,PJrm840pAUI,0.4385136067867279
tvsum,mobilenetv3_small_100,surgery_only,44,5,Se3oxnaPsz0,0.5691318511962891
tvsum,mobilenetv3_small_100,surgery_only,44,5,Yi4Ij2NM7U4,0.6664707660675049
tvsum,mobilenetv3_small_100,surgery_only,44,5,iVt07TCkFM0,0.7269130617380142
tvsum,mobilenetv3_small_100,surgery_only,44,5,qqR6AEXwxoQ,0.6279157996177673
tvsum,mobilenetv3_small_100,surgery_only,44,5,z_6gVvQb2d0,0.49652379751205444
tvsum,mobilenetv3_small_100,full_temporal,42,1,HT5vyqe0Xaw,0.45885807275772095
tvsum,mobilenetv3_small_100,full_temporal,42,1,JgHubY5Vw3Y,0.5513840913772583
tvsum,mobilenetv3_small_100,full_temporal,42,1,NyBmCxDoHJU,0.519710898399353
tvsum,mobilenetv3_small_100,full_temporal,42,1,WxtbjNsCQ8A,0.642383873462677
tvsum,mobilenetv3_small_100,full_temporal,42,1,XkqCExn6_Us,0.46623435616493225
tvsum,mobilenetv3_small_100,full_temporal,42,1,akI8YFjEmUw,0.43622955679893494
tvsum,mobilenetv3_small_100,full_temporal,42,1,byxOvuiIJV0,0.6140149831771851
tvsum,mobilenetv3_small_100,full_temporal,42,1,jcoYJXDG9sw,0.47991275787353516
tvsum,mobilenetv3_small_100,full_temporal,42,1,vdmoEJ5YbrQ,0.5478622317314148
tvsum,mobilenetv3_small_100,full_temporal,42,1,xxdtq8mxegs,0.6746026277542114
tvsum,mobilenetv3_small_100,full_temporal,42,2,3eYKfiOEJNs,0.5521334409713745
tvsum,mobilenetv3_small_100,full_temporal,42,2,4wU_LUjG5Ic,0.48776715993881226
tvsum,mobilenetv3_small_100,full_temporal,42,2,98MoyGZKHXc,0.5632916688919067
tvsum,mobilenetv3_small_100,full_temporal,42,2,Bhxk-O1Y7Ho,0.6270884871482849
tvsum,mobilenetv3_small_100,full_temporal,42,2,GsAD1KT1xo8,0.527978241443634
tvsum,mobilenetv3_small_100,full_temporal,42,2,J0nA4VgnoCo,0.5304782390594482
tvsum,mobilenetv3_small_100,full_temporal,42,2,i3wAGJaaktw,0.7284271717071533
tvsum,mobilenetv3_small_100,full_temporal,42,2,oDXZc0tZe04,0.5647662878036499
tvsum,mobilenetv3_small_100,full_temporal,42,2,xmEERLqJ2kU,0.6512457132339478
tvsum,mobilenetv3_small_100,full_temporal,42,2,xwqBXPGE9pQ,0.6163536906242371
tvsum,mobilenetv3_small_100,full_temporal,42,3,-esJrBWj2d8,0.5581599473953247
tvsum,mobilenetv3_small_100,full_temporal,42,3,91IHQYk1IQM,0.6295318007469177
tvsum,mobilenetv3_small_100,full_temporal,42,3,E11zDS9XGzg,0.4610083997249603
tvsum,mobilenetv3_small_100,full_temporal,42,3,JKpqYvAdIsw,0.673088550567627
tvsum,mobilenetv3_small_100,full_temporal,42,3,WG0MBPpPC6I,0.54328453540802
tvsum,mobilenetv3_small_100,full_temporal,42,3,XzYM3PfTM4w,0.6463217735290527
tvsum,mobilenetv3_small_100,full_temporal,42,3,b626MiF1ew4,0.4814539849758148
tvsum,mobilenetv3_small_100,full_temporal,42,3,cjibtmSLxQ4,0.4079134464263916
tvsum,mobilenetv3_small_100,full_temporal,42,3,eQu1rNs0an0,0.6696279048919678
tvsum,mobilenetv3_small_100,full_temporal,42,3,uGu_10sucQo,0.34774886891245843
tvsum,mobilenetv3_small_100,full_temporal,42,4,0tmA_C6XwfM,0.5511276125907898
tvsum,mobilenetv3_small_100,full_temporal,42,4,37rzWOQsNIw,0.5200218558311462
tvsum,mobilenetv3_small_100,full_temporal,42,4,EYqVtI9YWJA,0.6094744801521301
tvsum,mobilenetv3_small_100,full_temporal,42,4,RBCABdttQmI,0.4534075856208801
tvsum,mobilenetv3_small_100,full_temporal,42,4,VuWGsYPqAX8,0.6146568059921265
tvsum,mobilenetv3_small_100,full_temporal,42,4,_xMr-HKMfVA,0.6732286810874939
tvsum,mobilenetv3_small_100,full_temporal,42,4,fWutDQy1nnY,0.5222949385643005
tvsum,mobilenetv3_small_100,full_temporal,42,4,gzDbaEs1Rlg,0.5745242834091187
tvsum,mobilenetv3_small_100,full_temporal,42,4,kLxoNp-UchI,0.5037392973899841
tvsum,mobilenetv3_small_100,full_temporal,42,4,sTEELN-vY30,0.5455785989761353
tvsum,mobilenetv3_small_100,full_temporal,42,5,AwmHb44_ouw,0.7082234025001526
tvsum,mobilenetv3_small_100,full_temporal,42,5,EE-bNr36nyA,0.5195211172103882
tvsum,mobilenetv3_small_100,full_temporal,42,5,Hl-__g2gn_A,0.5782691240310669
tvsum,mobilenetv3_small_100,full_temporal,42,5,LRw_obCPUt0,0.5646020174026489
tvsum,mobilenetv3_small_100,full_temporal,42,5,PJrm840pAUI,0.45322123169898987
tvsum,mobilenetv3_small_100,full_temporal,42,5,Se3oxnaPsz0,0.4616851210594177
tvsum,mobilenetv3_small_100,full_temporal,42,5,Yi4Ij2NM7U4,0.6475480198860168
tvsum,mobilenetv3_small_100,full_temporal,42,5,iVt07TCkFM0,0.6852673292160034
tvsum,mobilenetv3_small_100,full_temporal,42,5,qqR6AEXwxoQ,0.8049458265304565
tvsum,mobilenetv3_small_100,full_temporal,42,5,z_6gVvQb2d0,0.5382164120674133
tvsum,mobilenetv3_small_100,full_temporal,43,1,HT5vyqe0Xaw,0.49142923951148987
tvsum,mobilenetv3_small_100,full_temporal,43,1,JgHubY5Vw3Y,0.7138766050338745
tvsum,mobilenetv3_small_100,full_temporal,43,1,NyBmCxDoHJU,0.519710898399353
tvsum,mobilenetv3_small_100,full_temporal,43,1,WxtbjNsCQ8A,0.5894743800163269
tvsum,mobilenetv3_small_100,full_temporal,43,1,XkqCExn6_Us,0.46543067693710327
tvsum,mobilenetv3_small_100,full_temporal,43,1,akI8YFjEmUw,0.45344144105911255
tvsum,mobilenetv3_small_100,full_temporal,43,1,byxOvuiIJV0,0.6140149831771851
tvsum,mobilenetv3_small_100,full_temporal,43,1,jcoYJXDG9sw,0.3591906428337097
tvsum,mobilenetv3_small_100,full_temporal,43,1,vdmoEJ5YbrQ,0.4205515384674072
tvsum,mobilenetv3_small_100,full_temporal,43,1,xxdtq8mxegs,0.6948756575584412
tvsum,mobilenetv3_small_100,full_temporal,43,2,3eYKfiOEJNs,0.5288333892822266
tvsum,mobilenetv3_small_100,full_temporal,43,2,4wU_LUjG5Ic,0.429985374212265
tvsum,mobilenetv3_small_100,full_temporal,43,2,98MoyGZKHXc,0.515184760093689
tvsum,mobilenetv3_small_100,full_temporal,43,2,Bhxk-O1Y7Ho,0.621672511100769
tvsum,mobilenetv3_small_100,full_temporal,43,2,GsAD1KT1xo8,0.5382088422775269
tvsum,mobilenetv3_small_100,full_temporal,43,2,J0nA4VgnoCo,0.5801719427108765
tvsum,mobilenetv3_small_100,full_temporal,43,2,i3wAGJaaktw,0.679768443107605
tvsum,mobilenetv3_small_100,full_temporal,43,2,oDXZc0tZe04,0.561682939529419
tvsum,mobilenetv3_small_100,full_temporal,43,2,xmEERLqJ2kU,0.541668713092804
tvsum,mobilenetv3_small_100,full_temporal,43,2,xwqBXPGE9pQ,0.4762614369392395
tvsum,mobilenetv3_small_100,full_temporal,43,3,-esJrBWj2d8,0.4860730767250061
tvsum,mobilenetv3_small_100,full_temporal,43,3,91IHQYk1IQM,0.5629324316978455
tvsum,mobilenetv3_small_100,full_temporal,43,3,E11zDS9XGzg,0.5174987316131592
tvsum,mobilenetv3_small_100,full_temporal,43,3,JKpqYvAdIsw,0.5071439743041992
tvsum,mobilenetv3_small_100,full_temporal,43,3,WG0MBPpPC6I,0.5349899530410767
tvsum,mobilenetv3_small_100,full_temporal,43,3,XzYM3PfTM4w,0.6463217735290527
tvsum,mobilenetv3_small_100,full_temporal,43,3,b626MiF1ew4,0.5538840293884277
tvsum,mobilenetv3_small_100,full_temporal,43,3,cjibtmSLxQ4,0.40234336256980896
tvsum,mobilenetv3_small_100,full_temporal,43,3,eQu1rNs0an0,0.6827675104141235
tvsum,mobilenetv3_small_100,full_temporal,43,3,uGu_10sucQo,0.42791861295700073
tvsum,mobilenetv3_small_100,full_temporal,43,4,0tmA_C6XwfM,0.4554497301578522
tvsum,mobilenetv3_small_100,full_temporal,43,4,37rzWOQsNIw,0.5200218558311462
tvsum,mobilenetv3_small_100,full_temporal,43,4,EYqVtI9YWJA,0.5528117418289185
tvsum,mobilenetv3_small_100,full_temporal,43,4,RBCABdttQmI,0.3632833957672119
tvsum,mobilenetv3_small_100,full_temporal,43,4,VuWGsYPqAX8,0.5944039821624756
tvsum,mobilenetv3_small_100,full_temporal,43,4,_xMr-HKMfVA,0.6732286810874939
tvsum,mobilenetv3_small_100,full_temporal,43,4,fWutDQy1nnY,0.539152204990387
tvsum,mobilenetv3_small_100,full_temporal,43,4,gzDbaEs1Rlg,0.5828965902328491
tvsum,mobilenetv3_small_100,full_temporal,43,4,kLxoNp-UchI,0.5037392973899841
tvsum,mobilenetv3_small_100,full_temporal,43,4,sTEELN-vY30,0.5466989874839783
tvsum,mobilenetv3_small_100,full_temporal,43,5,AwmHb44_ouw,0.6921206712722778
tvsum,mobilenetv3_small_100,full_temporal,43,5,EE-bNr36nyA,0.33280977606773376
tvsum,mobilenetv3_small_100,full_temporal,43,5,Hl-__g2gn_A,0.5782691240310669
tvsum,mobilenetv3_small_100,full_temporal,43,5,LRw_obCPUt0,0.5886643528938293
tvsum,mobilenetv3_small_100,full_temporal,43,5,PJrm840pAUI,0.37671539187431335
tvsum,mobilenetv3_small_100,full_temporal,43,5,Se3oxnaPsz0,0.3148980736732483
tvsum,mobilenetv3_small_100,full_temporal,43,5,Yi4Ij2NM7U4,0.7195605635643005
tvsum,mobilenetv3_small_100,full_temporal,43,5,iVt07TCkFM0,0.6852673292160034
tvsum,mobilenetv3_small_100,full_temporal,43,5,qqR6AEXwxoQ,0.8239153027534485
tvsum,mobilenetv3_small_100,full_temporal,43,5,z_6gVvQb2d0,0.4913182854652405
tvsum,mobilenetv3_small_100,full_temporal,44,1,HT5vyqe0Xaw,0.5328253507614136
tvsum,mobilenetv3_small_100,full_temporal,44,1,JgHubY5Vw3Y,0.6399921774864197
tvsum,mobilenetv3_small_100,full_temporal,44,1,NyBmCxDoHJU,0.519710898399353
tvsum,mobilenetv3_small_100,full_temporal,44,1,WxtbjNsCQ8A,0.6362460255622864
tvsum,mobilenetv3_small_100,full_temporal,44,1,XkqCExn6_Us,0.4783732295036316
tvsum,mobilenetv3_small_100,full_temporal,44,1,akI8YFjEmUw,0.4205217957496643
tvsum,mobilenetv3_small_100,full_temporal,44,1,byxOvuiIJV0,0.6001308560371399
tvsum,mobilenetv3_small_100,full_temporal,44,1,jcoYJXDG9sw,0.40154609084129333
tvsum,mobilenetv3_small_100,full_temporal,44,1,vdmoEJ5YbrQ,0.5525909662246704
tvsum,mobilenetv3_small_100,full_temporal,44,1,xxdtq8mxegs,0.7524257302284241
tvsum,mobilenetv3_small_100,full_temporal,44,2,3eYKfiOEJNs,0.5378795862197876
tvsum,mobilenetv3_small_100,full_temporal,44,2,4wU_LUjG5Ic,0.5557528138160706
tvsum,mobilenetv3_small_100,full_temporal,44,2,98MoyGZKHXc,0.5632916688919067
tvsum,mobilenetv3_small_100,full_temporal,44,2,Bhxk-O1Y7Ho,0.641596794128418
tvsum,mobilenetv3_small_100,full_temporal,44,2,GsAD1KT1xo8,0.5697235465049744
tvsum,mobilenetv3_small_100,full_temporal,44,2,J0nA4VgnoCo,0.6167590618133545
tvsum,mobilenetv3_small_100,full_temporal,44,2,i3wAGJaaktw,0.6826502680778503
tvsum,mobilenetv3_small_100,full_temporal,44,2,oDXZc0tZe04,0.4912422299385071
tvsum,mobilenetv3_small_100,full_temporal,44,2,xmEERLqJ2kU,0.6399477124214172
tvsum,mobilenetv3_small_100,full_temporal,44,2,xwqBXPGE9pQ,0.6163536906242371
tvsum,mobilenetv3_small_100,full_temporal,44,3,-esJrBWj2d8,0.52956622838974
tvsum,mobilenetv3_small_100,full_temporal,44,3,91IHQYk1IQM,0.6295318007469177
tvsum,mobilenetv3_small_100,full_temporal,44,3,E11zDS9XGzg,0.46300262212753296
tvsum,mobilenetv3_small_100,full_temporal,44,3,JKpqYvAdIsw,0.5071439743041992
tvsum,mobilenetv3_small_100,full_temporal,44,3,WG0MBPpPC6I,0.5213308334350586
tvsum,mobilenetv3_small_100,full_temporal,44,3,XzYM3PfTM4w,0.660819947719574
tvsum,mobilenetv3_small_100,full_temporal,44,3,b626MiF1ew4,0.5666956901550293
tvsum,mobilenetv3_small_100,full_temporal,44,3,cjibtmSLxQ4,0.4445507526397705
tvsum,mobilenetv3_small_100,full_temporal,44,3,eQu1rNs0an0,0.6827675104141235
tvsum,mobilenetv3_small_100,full_temporal,44,3,uGu_10sucQo,0.3717278324067593
tvsum,mobilenetv3_small_100,full_temporal,44,4,0tmA_C6XwfM,0.4920087456703186
tvsum,mobilenetv3_small_100,full_temporal,44,4,37rzWOQsNIw,0.5884151458740234
tvsum,mobilenetv3_small_100,full_temporal,44,4,EYqVtI9YWJA,0.5101577043533325
tvsum,mobilenetv3_small_100,full_temporal,44,4,RBCABdttQmI,0.4423186182975769
tvsum,mobilenetv3_small_100,full_temporal,44,4,VuWGsYPqAX8,0.4920220375061035
tvsum,mobilenetv3_small_100,full_temporal,44,4,_xMr-HKMfVA,0.7194646000862122
tvsum,mobilenetv3_small_100,full_temporal,44,4,fWutDQy1nnY,0.5399755239486694
tvsum,mobilenetv3_small_100,full_temporal,44,4,gzDbaEs1Rlg,0.6177932024002075
tvsum,mobilenetv3_small_100,full_temporal,44,4,kLxoNp-UchI,0.5037392973899841
tvsum,mobilenetv3_small_100,full_temporal,44,4,sTEELN-vY30,0.5466989874839783
tvsum,mobilenetv3_small_100,full_temporal,44,5,AwmHb44_ouw,0.656049907207489
tvsum,mobilenetv3_small_100,full_temporal,44,5,EE-bNr36nyA,0.41423505544662476
tvsum,mobilenetv3_small_100,full_temporal,44,5,Hl-__g2gn_A,0.6135133504867554
tvsum,mobilenetv3_small_100,full_temporal,44,5,LRw_obCPUt0,0.5646020174026489
tvsum,mobilenetv3_small_100,full_temporal,44,5,PJrm840pAUI,0.37671539187431335
tvsum,mobilenetv3_small_100,full_temporal,44,5,Se3oxnaPsz0,0.5533795952796936
tvsum,mobilenetv3_small_100,full_temporal,44,5,Yi4Ij2NM7U4,0.670961320400238
tvsum,mobilenetv3_small_100,full_temporal,44,5,iVt07TCkFM0,0.7269130617380142
tvsum,mobilenetv3_small_100,full_temporal,44,5,qqR6AEXwxoQ,0.8233137130737305
tvsum,mobilenetv3_small_100,full_temporal,44,5,z_6gVvQb2d0,0.48934406042099
tvsum,mobilenetv3_small_100,proposed,42,1,HT5vyqe0Xaw,0.45146799087524414
tvsum,mobilenetv3_small_100,proposed,42,1,JgHubY5Vw3Y,0.6458799839019775
tvsum,mobilenetv3_small_100,proposed,42,1,NyBmCxDoHJU,0.3747078478336334
tvsum,mobilenetv3_small_100,proposed,42,1,WxtbjNsCQ8A,0.6434022188186646
tvsum,mobilenetv3_small_100,proposed,42,1,XkqCExn6_Us,0.4419121742248535
tvsum,mobilenetv3_small_100,proposed,42,1,akI8YFjEmUw,0.43622955679893494
tvsum,mobilenetv3_small_100,proposed,42,1,byxOvuiIJV0,0.551513671875
tvsum,mobilenetv3_small_100,proposed,42,1,jcoYJXDG9sw,0.5404806137084961
tvsum,mobilenetv3_small_100,proposed,42,1,vdmoEJ5YbrQ,0.3920201063156128
tvsum,mobilenetv3_small_100,proposed,42,1,xxdtq8mxegs,0.6799206733703613
tvsum,mobilenetv3_small_100,proposed,42,2,3eYKfiOEJNs,0.578147292137146
tvsum,mobilenetv3_small_100,proposed,42,2,4wU_LUjG5Ic,0.45197176933288574
tvsum,mobilenetv3_small_100,proposed,42,2,98MoyGZKHXc,0.5215089917182922
tvsum,mobilenetv3_small_100,proposed,42,2,Bhxk-O1Y7Ho,0.5717269778251648
tvsum,mobilenetv3_small_100,proposed,42,2,GsAD1KT1xo8,0.4488096237182617
tvsum,mobilenetv3_small_100,proposed,42,2,J0nA4VgnoCo,0.5862705111503601
tvsum,mobilenetv3_small_100,proposed,42,2,i3wAGJaaktw,0.679935097694397
tvsum,mobilenetv3_small_100,proposed,42,2,oDXZc0tZe04,0.4970308244228363
tvsum,mobilenetv3_small_100,proposed,42,2,xmEERLqJ2kU,0.6070441007614136
tvsum,mobilenetv3_small_100,proposed,42,2,xwqBXPGE9pQ,0.4562404751777649
tvsum,mobilenetv3_small_100,proposed,42,3,-esJrBWj2d8,0.5942314267158508
tvsum,mobilenetv3_small_100,proposed,42,3,91IHQYk1IQM,0.6196614503860474
tvsum,mobilenetv3_small_100,proposed,42,3,E11zDS9XGzg,0.4784572720527649
tvsum,mobilenetv3_small_100,proposed,42,3,JKpqYvAdIsw,0.5071439743041992
tvsum,mobilenetv3_small_100,proposed,42,3,WG0MBPpPC6I,0.5355913639068604
tvsum,mobilenetv3_small_100,proposed,42,3,XzYM3PfTM4w,0.6482031345367432
tvsum,mobilenetv3_small_100,proposed,42,3,b626MiF1ew4,0.5666956901550293
tvsum,mobilenetv3_small_100,proposed,42,3,cjibtmSLxQ4,0.4596363604068756
tvsum,mobilenetv3_small_100,proposed,42,3,eQu1rNs0an0,0.5961591005325317
tvsum,mobilenetv3_small_100,proposed,42,3,uGu_10sucQo,0.3717278324067593
tvsum,mobilenetv3_small_100,proposed,42,4,0tmA_C6XwfM,0.4792402684688568
tvsum,mobilenetv3_small_100,proposed,42,4,37rzWOQsNIw,0.5606215596199036
tvsum,mobilenetv3_small_100,proposed,42,4,EYqVtI9YWJA,0.4813616871833801
tvsum,mobilenetv3_small_100,proposed,42,4,RBCABdttQmI,0.3537694811820984
tvsum,mobilenetv3_small_100,proposed,42,4,VuWGsYPqAX8,0.627381443977356
tvsum,mobilenetv3_small_100,proposed,42,4,_xMr-HKMfVA,0.6240886449813843
tvsum,mobilenetv3_small_100,proposed,42,4,fWutDQy1nnY,0.5199539661407471
tvsum,mobilenetv3_small_100,proposed,42,4,gzDbaEs1Rlg,0.5239482522010803
tvsum,mobilenetv3_small_100,proposed,42,4,kLxoNp-UchI,0.40798133611679077
tvsum,mobilenetv3_small_100,proposed,42,4,sTEELN-vY30,0.588170051574707
tvsum,mobilenetv3_small_100,proposed,42,5,AwmHb44_ouw,0.616439163684845
tvsum,mobilenetv3_small_100,proposed,42,5,EE-bNr36nyA,0.3640454436652362
tvsum,mobilenetv3_small_100,proposed,42,5,Hl-__g2gn_A,0.6022648811340332
tvsum,mobilenetv3_small_100,proposed,42,5,LRw_obCPUt0,0.5705326795578003
tvsum,mobilenetv3_small_100,proposed,42,5,PJrm840pAUI,0.4108462333679199
tvsum,mobilenetv3_small_100,proposed,42,5,Se3oxnaPsz0,0.5702893733978271
tvsum,mobilenetv3_small_100,proposed,42,5,Yi4Ij2NM7U4,0.6873986721038818
tvsum,mobilenetv3_small_100,proposed,42,5,iVt07TCkFM0,0.6852673292160034
tvsum,mobilenetv3_small_100,proposed,42,5,qqR6AEXwxoQ,0.8151305317878723
tvsum,mobilenetv3_small_100,proposed,42,5,z_6gVvQb2d0,0.44782915711402893
tvsum,mobilenetv3_small_100,proposed,43,1,HT5vyqe0Xaw,0.6167664527893066
tvsum,mobilenetv3_small_100,proposed,43,1,JgHubY5Vw3Y,0.6399921774864197
tvsum,mobilenetv3_small_100,proposed,43,1,NyBmCxDoHJU,0.519710898399353
tvsum,mobilenetv3_small_100,proposed,43,1,WxtbjNsCQ8A,0.5863481163978577
tvsum,mobilenetv3_small_100,proposed,43,1,XkqCExn6_Us,0.4829798638820648
tvsum,mobilenetv3_small_100,proposed,43,1,akI8YFjEmUw,0.35283344984054565
tvsum,mobilenetv3_small_100,proposed,43,1,byxOvuiIJV0,0.5929001569747925
tvsum,mobilenetv3_small_100,proposed,43,1,jcoYJXDG9sw,0.5809639692306519
tvsum,mobilenetv3_small_100,proposed,43,1,vdmoEJ5YbrQ,0.500458836555481
tvsum,mobilenetv3_small_100,proposed,43,1,xxdtq8mxegs,0.593603253364563
tvsum,mobilenetv3_small_100,proposed,43,2,3eYKfiOEJNs,0.4764411449432373
tvsum,mobilenetv3_small_100,proposed,43,2,4wU_LUjG5Ic,0.48776715993881226
tvsum,mobilenetv3_small_100,proposed,43,2,98MoyGZKHXc,0.42788568139076233
tvsum,mobilenetv3_small_100,proposed,43,2,Bhxk-O1Y7Ho,0.5923819541931152
tvsum,mobilenetv3_small_100,proposed,43,2,GsAD1KT1xo8,0.435859739780426
tvsum,mobilenetv3_small_100,proposed,43,2,J0nA4VgnoCo,0.5191128849983215
tvsum,mobilenetv3_small_100,proposed,43,2,i3wAGJaaktw,0.7284271717071533
tvsum,mobilenetv3_small_100,proposed,43,2,oDXZc0tZe04,0.47469934821128845
tvsum,mobilenetv3_small_100,proposed,43,2,xmEERLqJ2kU,0.6181203126907349
tvsum,mobilenetv3_small_100,proposed,43,2,xwqBXPGE9pQ,0.5289792418479919
tvsum,mobilenetv3_small_100,proposed,43,3,-esJrBWj2d8,0.5002268552780151
tvsum,mobilenetv3_small_100,proposed,43,3,91IHQYk1IQM,0.5979762673377991
tvsum,mobilenetv3_small_100,proposed,43,3,E11zDS9XGzg,0.4781574606895447
tvsum,mobilenetv3_small_100,proposed,43,3,JKpqYvAdIsw,0.4580574035644531
tvsum,mobilenetv3_small_100,proposed,43,3,WG0MBPpPC6I,0.4721294045448303
tvsum,mobilenetv3_small_100,proposed,43,3,XzYM3PfTM4w,0.6146060228347778
tvsum,mobilenetv3_small_100,proposed,43,3,b626MiF1ew4,0.5777455568313599
tvsum,mobilenetv3_small_100,proposed,43,3,cjibtmSLxQ4,0.4823221266269684
tvsum,mobilenetv3_small_100,proposed,43,3,eQu1rNs0an0,0.6081877946853638
tvsum,mobilenetv3_small_100,proposed,43,3,uGu_10sucQo,0.38725158050656316
tvsum,mobilenetv3_small_100,proposed,43,4,0tmA_C6XwfM,0.5407792925834656
tvsum,mobilenetv3_small_100,proposed,43,4,37rzWOQsNIw,0.6111263036727905
tvsum,mobilenetv3_small_100,proposed,43,4,EYqVtI9YWJA,0.4465366303920746
tvsum,mobilenetv3_small_100,proposed,43,4,RBCABdttQmI,0.4673885703086853
tvsum,mobilenetv3_small_100,proposed,43,4,VuWGsYPqAX8,0.6437072157859802
tvsum,mobilenetv3_small_100,proposed,43,4,_xMr-HKMfVA,0.6183593273162842
tvsum,mobilenetv3_small_100,proposed,43,4,fWutDQy1nnY,0.5394257307052612
tvsum,mobilenetv3_small_100,proposed,43,4,gzDbaEs1Rlg,0.564526379108429
tvsum,mobilenetv3_small_100,proposed,43,4,kLxoNp-UchI,0.3659650981426239
tvsum,mobilenetv3_small_100,proposed,43,4,sTEELN-vY30,0.533056378364563
tvsum,mobilenetv3_small_100,proposed,43,5,AwmHb44_ouw,0.662256121635437
tvsum,mobilenetv3_small_100,proposed,43,5,EE-bNr36nyA,0.5195211172103882
tvsum,mobilenetv3_small_100,proposed,43,5,Hl-__g2gn_A,0.5783656239509583
tvsum,mobilenetv3_small_100,proposed,43,5,LRw_obCPUt0,0.6056025624275208
tvsum,mobilenetv3_small_100,proposed,43,5,PJrm840pAUI,0.3719015419483185
tvsum,mobilenetv3_small_100,proposed,43,5,Se3oxnaPsz0,0.5702893733978271
tvsum,mobilenetv3_small_100,proposed,43,5,Yi4Ij2NM7U4,0.6420947313308716
tvsum,mobilenetv3_small_100,proposed,43,5,iVt07TCkFM0,0.7269130617380142
tvsum,mobilenetv3_small_100,proposed,43,5,qqR6AEXwxoQ,0.6541815996170044
tvsum,mobilenetv3_small_100,proposed,43,5,z_6gVvQb2d0,0.45825305581092834
tvsum,mobilenetv3_small_100,proposed,44,1,HT5vyqe0Xaw,0.5879617929458618
tvsum,mobilenetv3_small_100,proposed,44,1,JgHubY5Vw3Y,0.6458799839019775
tvsum,mobilenetv3_small_100,proposed,44,1,NyBmCxDoHJU,0.39609078131616116
tvsum,mobilenetv3_small_100,proposed,44,1,WxtbjNsCQ8A,0.599680483341217
tvsum,mobilenetv3_small_100,proposed,44,1,XkqCExn6_Us,0.5066035985946655
tvsum,mobilenetv3_small_100,proposed,44,1,akI8YFjEmUw,0.44265270233154297
tvsum,mobilenetv3_small_100,proposed,44,1,byxOvuiIJV0,0.6140149831771851
tvsum,mobilenetv3_small_100,proposed,44,1,jcoYJXDG9sw,0.5693339109420776
tvsum,mobilenetv3_small_100,proposed,44,1,vdmoEJ5YbrQ,0.42218536138534546
tvsum,mobilenetv3_small_100,proposed,44,1,xxdtq8mxegs,0.593603253364563
tvsum,mobilenetv3_small_100,proposed,44,2,3eYKfiOEJNs,0.6124715209007263
tvsum,mobilenetv3_small_100,proposed,44,2,4wU_LUjG5Ic,0.48776715993881226
tvsum,mobilenetv3_small_100,proposed,44,2,98MoyGZKHXc,0.5110064148902893
tvsum,mobilenetv3_small_100,proposed,44,2,Bhxk-O1Y7Ho,0.5501388907432556
tvsum,mobilenetv3_small_100,proposed,44,2,GsAD1KT1xo8,0.6155260801315308
tvsum,mobilenetv3_small_100,proposed,44,2,J0nA4VgnoCo,0.5920987725257874
tvsum,mobilenetv3_small_100,proposed,44,2,i3wAGJaaktw,0.6535026431083679
tvsum,mobilenetv3_small_100,proposed,44,2,oDXZc0tZe04,0.4974048137664795
tvsum,mobilenetv3_small_100,proposed,44,2,xmEERLqJ2kU,0.5870301127433777
tvsum,mobilenetv3_small_100,proposed,44,2,xwqBXPGE9pQ,0.5588642954826355
tvsum,mobilenetv3_small_100,proposed,44,3,-esJrBWj2d8,0.5556687712669373
tvsum,mobilenetv3_small_100,proposed,44,3,91IHQYk1IQM,0.6196614503860474
tvsum,mobilenetv3_small_100,proposed,44,3,E11zDS9XGzg,0.516821026802063
tvsum,mobilenetv3_small_100,proposed,44,3,JKpqYvAdIsw,0.5071439743041992
tvsum,mobilenetv3_small_100,proposed,44,3,WG0MBPpPC6I,0.4248615801334381
tvsum,mobilenetv3_small_100,proposed,44,3,XzYM3PfTM4w,0.660819947719574
tvsum,mobilenetv3_small_100,proposed,44,3,b626MiF1ew4,0.49585428833961487
tvsum,mobilenetv3_small_100,proposed,44,3,cjibtmSLxQ4,0.4773890972137451
tvsum,mobilenetv3_small_100,proposed,44,3,eQu1rNs0an0,0.6058697700500488
tvsum,mobilenetv3_small_100,proposed,44,3,uGu_10sucQo,0.38725158050656316
tvsum,mobilenetv3_small_100,proposed,44,4,0tmA_C6XwfM,0.5585670471191406
tvsum,mobilenetv3_small_100,proposed,44,4,37rzWOQsNIw,0.5924039483070374
tvsum,mobilenetv3_small_100,proposed,44,4,EYqVtI9YWJA,0.5198841691017151
tvsum,mobilenetv3_small_100,proposed,44,4,RBCABdttQmI,0.4453839361667633
tvsum,mobilenetv3_small_100,proposed,44,4,VuWGsYPqAX8,0.669222354888916
tvsum,mobilenetv3_small_100,proposed,44,4,_xMr-HKMfVA,0.45952850580215454
tvsum,mobilenetv3_small_100,proposed,44,4,fWutDQy1nnY,0.4769052565097809
tvsum,mobilenetv3_small_100,proposed,44,4,gzDbaEs1Rlg,0.5843563675880432
tvsum,mobilenetv3_small_100,proposed,44,4,kLxoNp-UchI,0.4887765347957611
tvsum,mobilenetv3_small_100,proposed,44,4,sTEELN-vY30,0.5769253969192505
tvsum,mobilenetv3_small_100,proposed,44,5,AwmHb44_ouw,0.6566190123558044
tvsum,mobilenetv3_small_100,proposed,44,5,EE-bNr36nyA,0.337481290102005
tvsum,mobilenetv3_small_100,proposed,44,5,Hl-__g2gn_A,0.6135133504867554
tvsum,mobilenetv3_small_100,proposed,44,5,LRw_obCPUt0,0.5705326795578003
tvsum,mobilenetv3_small_100,proposed,44,5,PJrm840pAUI,0.4324718117713928
tvsum,mobilenetv3_small_100,proposed,44,5,Se3oxnaPsz0,0.5589424967765808
tvsum,mobilenetv3_small_100,proposed,44,5,Yi4Ij2NM7U4,0.5815927386283875
tvsum,mobilenetv3_small_100,proposed,44,5,iVt07TCkFM0,0.7269130617380142
tvsum,mobilenetv3_small_100,proposed,44,5,qqR6AEXwxoQ,0.8317397236824036
tvsum,mobilenetv3_small_100,proposed,44,5,z_6gVvQb2d0,0.4573870301246643
tvsum,googlenet,full_temporal,42,1,HT5vyqe0Xaw,0.5580774545669556
tvsum,googlenet,full_temporal,42,1,JgHubY5Vw3Y,0.7138766050338745
tvsum,googlenet,full_temporal,42,1,NyBmCxDoHJU,0.46920594573020935
tvsum,googlenet,full_temporal,42,1,WxtbjNsCQ8A,0.6726024150848389
tvsum,googlenet,full_temporal,42,1,XkqCExn6_Us,0.44073668122291565
tvsum,googlenet,full_temporal,42,1,akI8YFjEmUw,0.4205217957496643
tvsum,googlenet,full_temporal,42,1,byxOvuiIJV0,0.6114028692245483
tvsum,googlenet,full_temporal,42,1,jcoYJXDG9sw,0.4901084005832672
tvsum,googlenet,full_temporal,42,1,vdmoEJ5YbrQ,0.5092571973800659
tvsum,googlenet,full_temporal,42,1,xxdtq8mxegs,0.7524257302284241
tvsum,googlenet,full_temporal,42,2,3eYKfiOEJNs,0.46917447447776794
tvsum,googlenet,full_temporal,42,2,4wU_LUjG5Ic,0.5451222658157349
tvsum,googlenet,full_temporal,42,2,98MoyGZKHXc,0.4700896739959717
tvsum,googlenet,full_temporal,42,2,Bhxk-O1Y7Ho,0.6226056814193726
tvsum,googlenet,full_temporal,42,2,GsAD1KT1xo8,0.5782232880592346
tvsum,googlenet,full_temporal,42,2,J0nA4VgnoCo,0.66029953956604
tvsum,googlenet,full_temporal,42,2,i3wAGJaaktw,0.6783097982406616
tvsum,googlenet,full_temporal,42,2,oDXZc0tZe04,0.535819411277771
tvsum,googlenet,full_temporal,42,2,xmEERLqJ2kU,0.6500009298324585
tvsum,googlenet,full_temporal,42,2,xwqBXPGE9pQ,0.6163536906242371
tvsum,googlenet,full_temporal,42,3,-esJrBWj2d8,0.5162204504013062
tvsum,googlenet,full_temporal,42,3,91IHQYk1IQM,0.5629324316978455
tvsum,googlenet,full_temporal,42,3,E11zDS9XGzg,0.5146477222442627
tvsum,googlenet,full_temporal,42,3,JKpqYvAdIsw,0.5071439743041992
tvsum,googlenet,full_temporal,42,3,WG0MBPpPC6I,0.6098189949989319
tvsum,googlenet,full_temporal,42,3,XzYM3PfTM4w,0.7169275283813477
tvsum,googlenet,full_temporal,42,3,b626MiF1ew4,0.48471659421920776
tvsum,googlenet,full_temporal,42,3,cjibtmSLxQ4,0.3956526815891266
tvsum,googlenet,full_temporal,42,3,eQu1rNs0an0,0.6905530691146851
tvsum,googlenet,full_temporal,42,3,uGu_10sucQo,0.44245749711990356
tvsum,googlenet,full_temporal,42,4,0tmA_C6XwfM,0.4920087456703186
tvsum,googlenet,full_temporal,42,4,37rzWOQsNIw,0.5200218558311462
tvsum,googlenet,full_temporal,42,4,EYqVtI9YWJA,0.5832737684249878
tvsum,googlenet,full_temporal,42,4,RBCABdttQmI,0.303793728351593
tvsum,googlenet,full_temporal,42,4,VuWGsYPqAX8,0.669222354888916
tvsum,googlenet,full_temporal,42,4,_xMr-HKMfVA,0.5887802839279175
tvsum,googlenet,full_temporal,42,4,fWutDQy1nnY,0.5344454050064087
tvsum,googlenet,full_temporal,42,4,gzDbaEs1Rlg,0.6400759816169739
tvsum,googlenet,full_temporal,42,4,kLxoNp-UchI,0.4193804860115051
tvsum,googlenet,full_temporal,42,4,sTEELN-vY30,0.6086445450782776
tvsum,googlenet,full_temporal,42,5,AwmHb44_ouw,0.6818932890892029
tvsum,googlenet,full_temporal,42,5,EE-bNr36nyA,0.337481290102005
tvsum,googlenet,full_temporal,42,5,Hl-__g2gn_A,0.6480752229690552
tvsum,googlenet,full_temporal,42,5,LRw_obCPUt0,0.5646020174026489
tvsum,googlenet,full_temporal,42,5,PJrm840pAUI,0.41202741861343384
tvsum,googlenet,full_temporal,42,5,Se3oxnaPsz0,0.45805829763412476
tvsum,googlenet,full_temporal,42,5,Yi4Ij2NM7U4,0.6641404032707214
tvsum,googlenet,full_temporal,42,5,iVt07TCkFM0,0.7269130617380142
tvsum,googlenet,full_temporal,42,5,qqR6AEXwxoQ,0.8442351222038269
tvsum,googlenet,full_temporal,42,5,z_6gVvQb2d0,0.5609933733940125
tvsum,googlenet,full_temporal,43,1,HT5vyqe0Xaw,0.63053959608078
tvsum,googlenet,full_temporal,43,1,JgHubY5Vw3Y,0.7138766050338745
tvsum,googlenet,full_temporal,43,1,NyBmCxDoHJU,0.519710898399353
tvsum,googlenet,full_temporal,43,1,WxtbjNsCQ8A,0.6613686680793762
tvsum,googlenet,full_temporal,43,1,XkqCExn6_Us,0.5398491621017456
tvsum,googlenet,full_temporal,43,1,akI8YFjEmUw,0.3410796359181404
tvsum,googlenet,full_temporal,43,1,byxOvuiIJV0,0.5379103422164917
tvsum,googlenet,full_temporal,43,1,jcoYJXDG9sw,0.4901084005832672
tvsum,googlenet,full_temporal,43,1,vdmoEJ5YbrQ,0.5442909002304077
tvsum,googlenet,full_temporal,43,1,xxdtq8mxegs,0.7524257302284241
tvsum,googlenet,full_temporal,43,2,3eYKfiOEJNs,0.49761638045310974
tvsum,googlenet,full_temporal,43,2,4wU_LUjG5Ic,0.5451222658157349
tvsum,googlenet,full_temporal,43,2,98MoyGZKHXc,0.5215089917182922
tvsum,googlenet,full_temporal,43,2,Bhxk-O1Y7Ho,0.6415974497795105
tvsum,googlenet,full_temporal,43,2,GsAD1KT1xo8,0.6155260801315308
tvsum,googlenet,full_temporal,43,2,J0nA4VgnoCo,0.5894285440444946
tvsum,googlenet,full_temporal,43,2,i3wAGJaaktw,0.744102954864502
tvsum,googlenet,full_temporal,43,2,oDXZc0tZe04,0.570931077003479
tvsum,googlenet,full_temporal,43,2,xmEERLqJ2kU,0.5809880495071411
tvsum,googlenet,full_temporal,43,2,xwqBXPGE9pQ,0.6163342595100403
tvsum,googlenet,full_temporal,43,3,-esJrBWj2d8,0.4721762537956238
tvsum,googlenet,full_temporal,43,3,91IHQYk1IQM,0.5629324316978455
tvsum,googlenet,full_temporal,43,3,E11zDS9XGzg,0.49702709913253784
tvsum,googlenet,full_temporal,43,3,JKpqYvAdIsw,0.5071439743041992
tvsum,googlenet,full_temporal,43,3,WG0MBPpPC6I,0.5927472710609436
tvsum,googlenet,full_temporal,43,3,XzYM3PfTM4w,0.6482031345367432
tvsum,googlenet,full_temporal,43,3,b626MiF1ew4,0.5702239871025085
tvsum,googlenet,full_temporal,43,3,cjibtmSLxQ4,0.4243782162666321
tvsum,googlenet,full_temporal,43,3,eQu1rNs0an0,0.6239112615585327
tvsum,googlenet,full_temporal,43,3,uGu_10sucQo,0.44245749711990356
tvsum,googlenet,full_temporal,43,4,0tmA_C6XwfM,0.4920087456703186
tvsum,googlenet,full_temporal,43,4,37rzWOQsNIw,0.5963246822357178
tvsum,googlenet,full_temporal,43,4,EYqVtI9YWJA,0.6111599206924438
tvsum,googlenet,full_temporal,43,4,RBCABdttQmI,0.4260801374912262
tvsum,googlenet,full_temporal,43,4,VuWGsYPqAX8,0.6146568059921265
tvsum,googlenet,full_temporal,43,4,_xMr-HKMfVA,0.7194646000862122
tvsum,googlenet,full_temporal,43,4,fWutDQy1nnY,0.5764893293380737
tvsum,googlenet,full_temporal,43,4,gzDbaEs1Rlg,0.5678735971450806
tvsum,googlenet,full_temporal,43,4,kLxoNp-UchI,0.5037392973899841
tvsum,googlenet,full_temporal,43,4,sTEELN-vY30,0.5490623712539673
tvsum,googlenet,full_temporal,43,5,AwmHb44_ouw,0.6411561965942383
tvsum,googlenet,full_temporal,43,5,EE-bNr36nyA,0.43130913376808167
tvsum,googlenet,full_temporal,43,5,Hl-__g2gn_A,0.634743869304657
tvsum,googlenet,full_temporal,43,5,LRw_obCPUt0,0.5646020174026489
tvsum,googlenet,full_temporal,43,5,PJrm840pAUI,0.41202741861343384
tvsum,googlenet,full_temporal,43,5,Se3oxnaPsz0,0.45805829763412476
tvsum,googlenet,full_temporal,43,5,Yi4Ij2NM7U4,0.653640627861023
tvsum,googlenet,full_temporal,43,5,iVt07TCkFM0,0.7269130617380142
tvsum,googlenet,full_temporal,43,5,qqR6AEXwxoQ,0.8151305317878723
tvsum,googlenet,full_temporal,43,5,z_6gVvQb2d0,0.5384810566902161
tvsum,googlenet,full_temporal,44,1,HT5vyqe0Xaw,0.6411803960800171
tvsum,googlenet,full_temporal,44,1,JgHubY5Vw3Y,0.7138766050338745
tvsum,googlenet,full_temporal,44,1,NyBmCxDoHJU,0.449190616607666
tvsum,googlenet,full_temporal,44,1,WxtbjNsCQ8A,0.5945331454277039
tvsum,googlenet,full_temporal,44,1,XkqCExn6_Us,0.4456976056098938
tvsum,googlenet,full_temporal,44,1,akI8YFjEmUw,0.4205217957496643
tvsum,googlenet,full_temporal,44,1,byxOvuiIJV0,0.6114028692245483
tvsum,googlenet,full_temporal,44,1,jcoYJXDG9sw,0.5318930149078369
tvsum,googlenet,full_temporal,44,1,vdmoEJ5YbrQ,0.5208653211593628
tvsum,googlenet,full_temporal,44,1,xxdtq8mxegs,0.7524257302284241
tvsum,googlenet,full_temporal,44,2,3eYKfiOEJNs,0.5466833710670471
tvsum,googlenet,full_temporal,44,2,4wU_LUjG5Ic,0.48776715993881226
tvsum,googlenet,full_temporal,44,2,98MoyGZKHXc,0.5215089917182922
tvsum,googlenet,full_temporal,44,2,Bhxk-O1Y7Ho,0.6546667814254761
tvsum,googlenet,full_temporal,44,2,GsAD1KT1xo8,0.6155260801315308
tvsum,googlenet,full_temporal,44,2,J0nA4VgnoCo,0.6428021192550659
tvsum,googlenet,full_temporal,44,2,i3wAGJaaktw,0.744102954864502
tvsum,googlenet,full_temporal,44,2,oDXZc0tZe04,0.5295276045799255
tvsum,googlenet,full_temporal,44,2,xmEERLqJ2kU,0.6454250812530518
tvsum,googlenet,full_temporal,44,2,xwqBXPGE9pQ,0.6163536906242371
tvsum,googlenet,full_temporal,44,3,-esJrBWj2d8,0.5450659990310669
tvsum,googlenet,full_temporal,44,3,91IHQYk1IQM,0.507200300693512
tvsum,googlenet,full_temporal,44,3,E11zDS9XGzg,0.540463924407959
tvsum,googlenet,full_temporal,44,3,JKpqYvAdIsw,0.6203356981277466
tvsum,googlenet,full_temporal,44,3,WG0MBPpPC6I,0.6098114252090454
tvsum,googlenet,full_temporal,44,3,XzYM3PfTM4w,0.5752032995223999
tvsum,googlenet,full_temporal,44,3,b626MiF1ew4,0.5666956901550293
tvsum,googlenet,full_temporal,44,3,cjibtmSLxQ4,0.427992582321167
tvsum,googlenet,full_temporal,44,3,eQu1rNs0an0,0.6793325543403625
tvsum,googlenet,full_temporal,44,3,uGu_10sucQo,0.44245749711990356
tvsum,googlenet,full_temporal,44,4,0tmA_C6XwfM,0.4920087456703186
tvsum,googlenet,full_temporal,44,4,37rzWOQsNIw,0.4941472113132477
tvsum,googlenet,full_temporal,44,4,EYqVtI9YWJA,0.6111599206924438
tvsum,googlenet,full_temporal,44,4,RBCABdttQmI,0.28304237127304077
tvsum,googlenet,full_temporal,44,4,VuWGsYPqAX8,0.6146568059921265
tvsum,googlenet,full_temporal,44,4,_xMr-HKMfVA,0.7194646000862122
tvsum,googlenet,full_temporal,44,4,fWutDQy1nnY,0.5386773347854614
tvsum,googlenet,full_temporal,44,4,gzDbaEs1Rlg,0.6439403891563416
tvsum,googlenet,full_temporal,44,4,kLxoNp-UchI,0.4193804860115051
tvsum,googlenet,full_temporal,44,4,sTEELN-vY30,0.5490623712539673
tvsum,googlenet,full_temporal,44,5,AwmHb44_ouw,0.6658240556716919
tvsum,googlenet,full_temporal,44,5,EE-bNr36nyA,0.5368137955665588
tvsum,googlenet,full_temporal,44,5,Hl-__g2gn_A,0.6528900861740112
tvsum,googlenet,full_temporal,44,5,LRw_obCPUt0,0.5705326795578003
tvsum,googlenet,full_temporal,44,5,PJrm840pAUI,0.4264388084411621
tvsum,googlenet,full_temporal,44,5,Se3oxnaPsz0,0.4072837233543396
tvsum,googlenet,full_temporal,44,5,Yi4Ij2NM7U4,0.5765081644058228
tvsum,googlenet,full_temporal,44,5,iVt07TCkFM0,0.7269130617380142
tvsum,googlenet,full_temporal,44,5,qqR6AEXwxoQ,0.8049458265304565
tvsum,googlenet,full_temporal,44,5,z_6gVvQb2d0,0.5151262283325195
tvsum,resnet50,full_temporal,42,1,HT5vyqe0Xaw,0.555708110332489
tvsum,resnet50,full_temporal,42,1,JgHubY5Vw3Y,0.6524503231048584
tvsum,resnet50,full_temporal,42,1,NyBmCxDoHJU,0.4872562885284424
tvsum,resnet50,full_temporal,42,1,WxtbjNsCQ8A,0.527161717414856
tvsum,resnet50,full_temporal,42,1,XkqCExn6_Us,0.4680849611759186
tvsum,resnet50,full_temporal,42,1,akI8YFjEmUw,0.3955022990703583
tvsum,resnet50,full_temporal,42,1,byxOvuiIJV0,0.44893962144851685
tvsum,resnet50,full_temporal,42,1,jcoYJXDG9sw,0.5562740564346313
tvsum,resnet50,full_temporal,42,1,vdmoEJ5YbrQ,0.5149390697479248
tvsum,resnet50,full_temporal,42,1,xxdtq8mxegs,0.6948756575584412
tvsum,resnet50,full_temporal,42,2,3eYKfiOEJNs,0.4980556070804596
tvsum,resnet50,full_temporal,42,2,4wU_LUjG5Ic,0.48776715993881226
tvsum,resnet50,full_temporal,42,2,98MoyGZKHXc,0.37214669585227966
tvsum,resnet50,full_temporal,42,2,Bhxk-O1Y7Ho,0.6199222803115845
tvsum,resnet50,full_temporal,42,2,GsAD1KT1xo8,0.5583250522613525
tvsum,resnet50,full_temporal,42,2,J0nA4VgnoCo,0.6133242845535278
tvsum,resnet50,full_temporal,42,2,i3wAGJaaktw,0.6263006925582886
tvsum,resnet50,full_temporal,42,2,oDXZc0tZe04,0.5192267298698425
tvsum,resnet50,full_temporal,42,2,xmEERLqJ2kU,0.5655639171600342
tvsum,resnet50,full_temporal,42,2,xwqBXPGE9pQ,0.5171677470207214
tvsum,resnet50,full_temporal,42,3,-esJrBWj2d8,0.5316801071166992
tvsum,resnet50,full_temporal,42,3,91IHQYk1IQM,0.5944706201553345
tvsum,resnet50,full_temporal,42,3,E11zDS9XGzg,0.5231040716171265
tvsum,resnet50,full_temporal,42,3,JKpqYvAdIsw,0.5850799679756165
tvsum,resnet50,full_temporal,42,3,WG0MBPpPC6I,0.5869254469871521
tvsum,resnet50,full_temporal,42,3,XzYM3PfTM4w,0.5752032995223999
tvsum,resnet50,full_temporal,42,3,b626MiF1ew4,0.5240978002548218
tvsum,resnet50,full_temporal,42,3,cjibtmSLxQ4,0.340874046087265
tvsum,resnet50,full_temporal,42,3,eQu1rNs0an0,0.5598542094230652
tvsum,resnet50,full_temporal,42,3,uGu_10sucQo,0.48911252617836
tvsum,resnet50,full_temporal,42,4,0tmA_C6XwfM,0.4920087456703186
tvsum,resnet50,full_temporal,42,4,37rzWOQsNIw,0.48730984330177307
tvsum,resnet50,full_temporal,42,4,EYqVtI9YWJA,0.5902304649353027
tvsum,resnet50,full_temporal,42,4,RBCABdttQmI,0.310397744178772
tvsum,resnet50,full_temporal,42,4,VuWGsYPqAX8,0.6686626672744751
tvsum,resnet50,full_temporal,42,4,_xMr-HKMfVA,0.5777192711830139
tvsum,resnet50,full_temporal,42,4,fWutDQy1nnY,0.5302390456199646
tvsum,resnet50,full_temporal,42,4,gzDbaEs1Rlg,0.6012567281723022
tvsum,resnet50,full_temporal,42,4,kLxoNp-UchI,0.4399208128452301
tvsum,resnet50,full_temporal,42,4,sTEELN-vY30,0.5490623712539673
tvsum,resnet50,full_temporal,42,5,AwmHb44_ouw,0.6203938126564026
tvsum,resnet50,full_temporal,42,5,EE-bNr36nyA,0.47596636414527893
tvsum,resnet50,full_temporal,42,5,Hl-__g2gn_A,0.5959397554397583
tvsum,resnet50,full_temporal,42,5,LRw_obCPUt0,0.5916993618011475
tvsum,resnet50,full_temporal,42,5,PJrm840pAUI,0.40574732422828674
tvsum,resnet50,full_temporal,42,5,Se3oxnaPsz0,0.44159454107284546
tvsum,resnet50,full_temporal,42,5,Yi4Ij2NM7U4,0.585185170173645
tvsum,resnet50,full_temporal,42,5,iVt07TCkFM0,0.7269130617380142
tvsum,resnet50,full_temporal,42,5,qqR6AEXwxoQ,0.7863458395004272
tvsum,resnet50,full_temporal,42,5,z_6gVvQb2d0,0.5622226595878601
tvsum,resnet50,full_temporal,43,1,HT5vyqe0Xaw,0.5770521759986877
tvsum,resnet50,full_temporal,43,1,JgHubY5Vw3Y,0.7138766050338745
tvsum,resnet50,full_temporal,43,1,NyBmCxDoHJU,0.5026642680168152
tvsum,resnet50,full_temporal,43,1,WxtbjNsCQ8A,0.5531280040740967
tvsum,resnet50,full_temporal,43,1,XkqCExn6_Us,0.5621966123580933
tvsum,resnet50,full_temporal,43,1,akI8YFjEmUw,0.4655023217201233
tvsum,resnet50,full_temporal,43,1,byxOvuiIJV0,0.5929001569747925
tvsum,resnet50,full_temporal,43,1,jcoYJXDG9sw,0.5562740564346313
tvsum,resnet50,full_temporal,43,1,vdmoEJ5YbrQ,0.528180718421936
tvsum,resnet50,full_temporal,43,1,xxdtq8mxegs,0.6711122393608093
tvsum,resnet50,full_temporal,43,2,3eYKfiOEJNs,0.5397316813468933
tvsum,resnet50,full_temporal,43,2,4wU_LUjG5Ic,0.429985374212265
tvsum,resnet50,full_temporal,43,2,98MoyGZKHXc,0.5442389249801636
tvsum,resnet50,full_temporal,43,2,Bhxk-O1Y7Ho,0.6695996522903442
tvsum,resnet50,full_temporal,43,2,GsAD1KT1xo8,0.5583250522613525
tvsum,resnet50,full_temporal,43,2,J0nA4VgnoCo,0.6358367204666138
tvsum,resnet50,full_temporal,43,2,i3wAGJaaktw,0.7284271717071533
tvsum,resnet50,full_temporal,43,2,oDXZc0tZe04,0.5355890989303589
tvsum,resnet50,full_temporal,43,2,xmEERLqJ2kU,0.572076141834259
tvsum,resnet50,full_temporal,43,2,xwqBXPGE9pQ,0.6076957583427429
tvsum,resnet50,full_temporal,43,3,-esJrBWj2d8,0.6253510117530823
tvsum,resnet50,full_temporal,43,3,91IHQYk1IQM,0.5944706201553345
tvsum,resnet50,full_temporal,43,3,E11zDS9XGzg,0.5621410608291626
tvsum,resnet50,full_temporal,43,3,JKpqYvAdIsw,0.5071439743041992
tvsum,resnet50,full_temporal,43,3,WG0MBPpPC6I,0.6454037427902222
tvsum,resnet50,full_temporal,43,3,XzYM3PfTM4w,0.6482031345367432
tvsum,resnet50,full_temporal,43,3,b626MiF1ew4,0.5333030223846436
tvsum,resnet50,full_temporal,43,3,cjibtmSLxQ4,0.3940335214138031
tvsum,resnet50,full_temporal,43,3,eQu1rNs0an0,0.7094544172286987
tvsum,resnet50,full_temporal,43,3,uGu_10sucQo,0.4224826395511627
tvsum,resnet50,full_temporal,43,4,0tmA_C6XwfM,0.4920087456703186
tvsum,resnet50,full_temporal,43,4,37rzWOQsNIw,0.5247061252593994
tvsum,resnet50,full_temporal,43,4,EYqVtI9YWJA,0.6554647088050842
tvsum,resnet50,full_temporal,43,4,RBCABdttQmI,0.4370739459991455
tvsum,resnet50,full_temporal,43,4,VuWGsYPqAX8,0.5944039821624756
tvsum,resnet50,full_temporal,43,4,_xMr-HKMfVA,0.6316128969192505
tvsum,resnet50,full_temporal,43,4,fWutDQy1nnY,0.5331401824951172
tvsum,resnet50,full_temporal,43,4,gzDbaEs1Rlg,0.6177932024002075
tvsum,resnet50,full_temporal,43,4,kLxoNp-UchI,0.4399208128452301
tvsum,resnet50,full_temporal,43,4,sTEELN-vY30,0.5907410979270935
tvsum,resnet50,full_temporal,43,5,AwmHb44_ouw,0.6555581092834473
tvsum,resnet50,full_temporal,43,5,EE-bNr36nyA,0.41423505544662476
tvsum,resnet50,full_temporal,43,5,Hl-__g2gn_A,0.6448689699172974
tvsum,resnet50,full_temporal,43,5,LRw_obCPUt0,0.5705326795578003
tvsum,resnet50,full_temporal,43,5,PJrm840pAUI,0.46555596590042114
tvsum,resnet50,full_temporal,43,5,Se3oxnaPsz0,0.37625986337661743
tvsum,resnet50,full_temporal,43,5,Yi4Ij2NM7U4,0.5947285890579224
tvsum,resnet50,full_temporal,43,5,iVt07TCkFM0,0.7269130617380142
tvsum,resnet50,full_temporal,43,5,qqR6AEXwxoQ,0.7863458395004272
tvsum,resnet50,full_temporal,43,5,z_6gVvQb2d0,0.4779333472251892
tvsum,resnet50,full_temporal,44,1,HT5vyqe0Xaw,0.4925663471221924
tvsum,resnet50,full_temporal,44,1,JgHubY5Vw3Y,0.6524503231048584
tvsum,resnet50,full_temporal,44,1,NyBmCxDoHJU,0.4872562885284424
tvsum,resnet50,full_temporal,44,1,WxtbjNsCQ8A,0.5537663698196411
tvsum,resnet50,full_temporal,44,1,XkqCExn6_Us,0.44510897994041443
tvsum,resnet50,full_temporal,44,1,akI8YFjEmUw,0.3955022990703583
tvsum,resnet50,full_temporal,44,1,byxOvuiIJV0,0.48101121187210083
tvsum,resnet50,full_temporal,44,1,jcoYJXDG9sw,0.5562740564346313
tvsum,resnet50,full_temporal,44,1,vdmoEJ5YbrQ,0.5658997297286987
tvsum,resnet50,full_temporal,44,1,xxdtq8mxegs,0.6948756575584412
tvsum,resnet50,full_temporal,44,2,3eYKfiOEJNs,0.4901042580604553
tvsum,resnet50,full_temporal,44,2,4wU_LUjG5Ic,0.42263492941856384
tvsum,resnet50,full_temporal,44,2,98MoyGZKHXc,0.5137410759925842
tvsum,resnet50,full_temporal,44,2,Bhxk-O1Y7Ho,0.6290125846862793
tvsum,resnet50,full_temporal,44,2,GsAD1KT1xo8,0.5583250522613525
tvsum,resnet50,full_temporal,44,2,J0nA4VgnoCo,0.5964235067367554
tvsum,resnet50,full_temporal,44,2,i3wAGJaaktw,0.6259065866470337
tvsum,resnet50,full_temporal,44,2,oDXZc0tZe04,0.5384994149208069
tvsum,resnet50,full_temporal,44,2,xmEERLqJ2kU,0.5807250142097473
tvsum,resnet50,full_temporal,44,2,xwqBXPGE9pQ,0.5183343887329102
tvsum,resnet50,full_temporal,44,3,-esJrBWj2d8,0.6120808124542236
tvsum,resnet50,full_temporal,44,3,91IHQYk1IQM,0.5944706201553345
tvsum,resnet50,full_temporal,44,3,E11zDS9XGzg,0.5467621684074402
tvsum,resnet50,full_temporal,44,3,JKpqYvAdIsw,0.5850799679756165
tvsum,resnet50,full_temporal,44,3,WG0MBPpPC6I,0.6453961730003357
tvsum,resnet50,full_temporal,44,3,XzYM3PfTM4w,0.5752032995223999
tvsum,resnet50,full_temporal,44,3,b626MiF1ew4,0.5805480480194092
tvsum,resnet50,full_temporal,44,3,cjibtmSLxQ4,0.3796059489250183
tvsum,resnet50,full_temporal,44,3,eQu1rNs0an0,0.6568484902381897
tvsum,resnet50,full_temporal,44,3,uGu_10sucQo,0.4224826395511627
tvsum,resnet50,full_temporal,44,4,0tmA_C6XwfM,0.3980579376220703
tvsum,resnet50,full_temporal,44,4,37rzWOQsNIw,0.5841905474662781
tvsum,resnet50,full_temporal,44,4,EYqVtI9YWJA,0.5528117418289185
tvsum,resnet50,full_temporal,44,4,RBCABdttQmI,0.39215296506881714
tvsum,resnet50,full_temporal,44,4,VuWGsYPqAX8,0.6686626672744751
tvsum,resnet50,full_temporal,44,4,_xMr-HKMfVA,0.5782086253166199
tvsum,resnet50,full_temporal,44,4,fWutDQy1nnY,0.5629987120628357
tvsum,resnet50,full_temporal,44,4,gzDbaEs1Rlg,0.5391272902488708
tvsum,resnet50,full_temporal,44,4,kLxoNp-UchI,0.4193804860115051
tvsum,resnet50,full_temporal,44,4,sTEELN-vY30,0.6307076811790466
tvsum,resnet50,full_temporal,44,5,AwmHb44_ouw,0.6864117383956909
tvsum,resnet50,full_temporal,44,5,EE-bNr36nyA,0.41423505544662476
tvsum,resnet50,full_temporal,44,5,Hl-__g2gn_A,0.634743869304657
tvsum,resnet50,full_temporal,44,5,LRw_obCPUt0,0.5794399976730347
tvsum,resnet50,full_temporal,44,5,PJrm840pAUI,0.47200876474380493
tvsum,resnet50,full_temporal,44,5,Se3oxnaPsz0,0.4072837233543396
tvsum,resnet50,full_temporal,44,5,Yi4Ij2NM7U4,0.6641404032707214
tvsum,resnet50,full_temporal,44,5,iVt07TCkFM0,0.7269130617380142
tvsum,resnet50,full_temporal,44,5,qqR6AEXwxoQ,0.7863458395004272
tvsum,resnet50,full_temporal,44,5,z_6gVvQb2d0,0.46116361021995544
tvsum,mobilenetv3_large_100,full_temporal,42,1,HT5vyqe0Xaw,0.6010854244232178
tvsum,mobilenetv3_large_100,full_temporal,42,1,JgHubY5Vw3Y,0.6524503231048584
tvsum,mobilenetv3_large_100,full_temporal,42,1,NyBmCxDoHJU,0.538371205329895
tvsum,mobilenetv3_large_100,full_temporal,42,1,WxtbjNsCQ8A,0.5225121378898621
tvsum,mobilenetv3_large_100,full_temporal,42,1,XkqCExn6_Us,0.49018245935440063
tvsum,mobilenetv3_large_100,full_temporal,42,1,akI8YFjEmUw,0.44160494208335876
tvsum,mobilenetv3_large_100,full_temporal,42,1,byxOvuiIJV0,0.551513671875
tvsum,mobilenetv3_large_100,full_temporal,42,1,jcoYJXDG9sw,0.582290768623352
tvsum,mobilenetv3_large_100,full_temporal,42,1,vdmoEJ5YbrQ,0.528180718421936
tvsum,mobilenetv3_large_100,full_temporal,42,1,xxdtq8mxegs,0.7524257302284241
tvsum,mobilenetv3_large_100,full_temporal,42,2,3eYKfiOEJNs,0.4445750117301941
tvsum,mobilenetv3_large_100,full_temporal,42,2,4wU_LUjG5Ic,0.48776715993881226
tvsum,mobilenetv3_large_100,full_temporal,42,2,98MoyGZKHXc,0.6402472853660583
tvsum,mobilenetv3_large_100,full_temporal,42,2,Bhxk-O1Y7Ho,0.6290336847305298
tvsum,mobilenetv3_large_100,full_temporal,42,2,GsAD1KT1xo8,0.5612826943397522
tvsum,mobilenetv3_large_100,full_temporal,42,2,J0nA4VgnoCo,0.5547717809677124
tvsum,mobilenetv3_large_100,full_temporal,42,2,i3wAGJaaktw,0.7284271717071533
tvsum,mobilenetv3_large_100,full_temporal,42,2,oDXZc0tZe04,0.5445016622543335
tvsum,mobilenetv3_large_100,full_temporal,42,2,xmEERLqJ2kU,0.6198573112487793
tvsum,mobilenetv3_large_100,full_temporal,42,2,xwqBXPGE9pQ,0.6058264970779419
tvsum,mobilenetv3_large_100,full_temporal,42,3,-esJrBWj2d8,0.4403843879699707
tvsum,mobilenetv3_large_100,full_temporal,42,3,91IHQYk1IQM,0.6295318007469177
tvsum,mobilenetv3_large_100,full_temporal,42,3,E11zDS9XGzg,0.5274513959884644
tvsum,mobilenetv3_large_100,full_temporal,42,3,JKpqYvAdIsw,0.5538126826286316
tvsum,mobilenetv3_large_100,full_temporal,42,3,WG0MBPpPC6I,0.555478036403656
tvsum,mobilenetv3_large_100,full_temporal,42,3,XzYM3PfTM4w,0.7169275283813477
tvsum,mobilenetv3_large_100,full_temporal,42,3,b626MiF1ew4,0.4816122055053711
tvsum,mobilenetv3_large_100,full_temporal,42,3,cjibtmSLxQ4,0.4225159287452698
tvsum,mobilenetv3_large_100,full_temporal,42,3,eQu1rNs0an0,0.6349880695343018
tvsum,mobilenetv3_large_100,full_temporal,42,3,uGu_10sucQo,0.44245749711990356
tvsum,mobilenetv3_large_100,full_temporal,42,4,0tmA_C6XwfM,0.5511276125907898
tvsum,mobilenetv3_large_100,full_temporal,42,4,37rzWOQsNIw,0.4941472113132477
tvsum,mobilenetv3_large_100,full_temporal,42,4,EYqVtI9YWJA,0.691401481628418
tvsum,mobilenetv3_large_100,full_temporal,42,4,RBCABdttQmI,0.4108305871486664
tvsum,mobilenetv3_large_100,full_temporal,42,4,VuWGsYPqAX8,0.6812312006950378
tvsum,mobilenetv3_large_100,full_temporal,42,4,_xMr-HKMfVA,0.6800339221954346
tvsum,mobilenetv3_large_100,full_temporal,42,4,fWutDQy1nnY,0.5804713368415833
tvsum,mobilenetv3_large_100,full_temporal,42,4,gzDbaEs1Rlg,0.6378999948501587
tvsum,mobilenetv3_large_100,full_temporal,42,4,kLxoNp-UchI,0.4193804860115051
tvsum,mobilenetv3_large_100,full_temporal,42,4,sTEELN-vY30,0.5922554135322571
tvsum,mobilenetv3_large_100,full_temporal,42,5,AwmHb44_ouw,0.6506999135017395
tvsum,mobilenetv3_large_100,full_temporal,42,5,EE-bNr36nyA,0.47596636414527893
tvsum,mobilenetv3_large_100,full_temporal,42,5,Hl-__g2gn_A,0.6480752229690552
tvsum,mobilenetv3_large_100,full_temporal,42,5,LRw_obCPUt0,0.6178495287895203
tvsum,mobilenetv3_large_100,full_temporal,42,5,PJrm840pAUI,0.46455836296081543
tvsum,mobilenetv3_large_100,full_temporal,42,5,Se3oxnaPsz0,0.5291892886161804
tvsum,mobilenetv3_large_100,full_temporal,42,5,Yi4Ij2NM7U4,0.6646895408630371
tvsum,mobilenetv3_large_100,full_temporal,42,5,iVt07TCkFM0,0.7269130617380142
tvsum,mobilenetv3_large_100,full_temporal,42,5,qqR6AEXwxoQ,0.7672423720359802
tvsum,mobilenetv3_large_100,full_temporal,42,5,z_6gVvQb2d0,0.5306524634361267
tvsum,mobilenetv3_large_100,full_temporal,43,1,HT5vyqe0Xaw,0.6267244815826416
tvsum,mobilenetv3_large_100,full_temporal,43,1,JgHubY5Vw3Y,0.7138766050338745
tvsum,mobilenetv3_large_100,full_temporal,43,1,NyBmCxDoHJU,0.4960176944732666
tvsum,mobilenetv3_large_100,full_temporal,43,1,WxtbjNsCQ8A,0.556431770324707
tvsum,mobilenetv3_large_100,full_temporal,43,1,XkqCExn6_Us,0.5362800359725952
tvsum,mobilenetv3_large_100,full_temporal,43,1,akI8YFjEmUw,0.4728940427303314
tvsum,mobilenetv3_large_100,full_temporal,43,1,byxOvuiIJV0,0.5575703382492065
tvsum,mobilenetv3_large_100,full_temporal,43,1,jcoYJXDG9sw,0.5161389708518982
tvsum,mobilenetv3_large_100,full_temporal,43,1,vdmoEJ5YbrQ,0.5478622317314148
tvsum,mobilenetv3_large_100,full_temporal,43,1,xxdtq8mxegs,0.7524257302284241
tvsum,mobilenetv3_large_100,full_temporal,43,2,3eYKfiOEJNs,0.46041998267173767
tvsum,mobilenetv3_large_100,full_temporal,43,2,4wU_LUjG5Ic,0.4591832756996155
tvsum,mobilenetv3_large_100,full_temporal,43,2,98MoyGZKHXc,0.515184760093689
tvsum,mobilenetv3_large_100,full_temporal,43,2,Bhxk-O1Y7Ho,0.6339676380157471
tvsum,mobilenetv3_large_100,full_temporal,43,2,GsAD1KT1xo8,0.5583250522613525
tvsum,mobilenetv3_large_100,full_temporal,43,2,J0nA4VgnoCo,0.5935485363006592
tvsum,mobilenetv3_large_100,full_temporal,43,2,i3wAGJaaktw,0.6431514024734497
tvsum,mobilenetv3_large_100,full_temporal,43,2,oDXZc0tZe04,0.5481439828872681
tvsum,mobilenetv3_large_100,full_temporal,43,2,xmEERLqJ2kU,0.6427415609359741
tvsum,mobilenetv3_large_100,full_temporal,43,2,xwqBXPGE9pQ,0.5896028280258179
tvsum,mobilenetv3_large_100,full_temporal,43,3,-esJrBWj2d8,0.48330336809158325
tvsum,mobilenetv3_large_100,full_temporal,43,3,91IHQYk1IQM,0.5944706201553345
tvsum,mobilenetv3_large_100,full_temporal,43,3,E11zDS9XGzg,0.4827057421207428
tvsum,mobilenetv3_large_100,full_temporal,43,3,JKpqYvAdIsw,0.5071439743041992
tvsum,mobilenetv3_large_100,full_temporal,43,3,WG0MBPpPC6I,0.5954791903495789
tvsum,mobilenetv3_large_100,full_temporal,43,3,XzYM3PfTM4w,0.6482031345367432
tvsum,mobilenetv3_large_100,full_temporal,43,3,b626MiF1ew4,0.5086737871170044
tvsum,mobilenetv3_large_100,full_temporal,43,3,cjibtmSLxQ4,0.41248804330825806
tvsum,mobilenetv3_large_100,full_temporal,43,3,eQu1rNs0an0,0.6239112615585327
tvsum,mobilenetv3_large_100,full_temporal,43,3,uGu_10sucQo,0.42128148674964905
tvsum,mobilenetv3_large_100,full_temporal,43,4,0tmA_C6XwfM,0.4554497301578522
tvsum,mobilenetv3_large_100,full_temporal,43,4,37rzWOQsNIw,0.4941472113132477
tvsum,mobilenetv3_large_100,full_temporal,43,4,EYqVtI9YWJA,0.691401481628418
tvsum,mobilenetv3_large_100,full_temporal,43,4,RBCABdttQmI,0.41623449325561523
tvsum,mobilenetv3_large_100,full_temporal,43,4,VuWGsYPqAX8,0.669222354888916
tvsum,mobilenetv3_large_100,full_temporal,43,4,_xMr-HKMfVA,0.7330964207649231
tvsum,mobilenetv3_large_100,full_temporal,43,4,fWutDQy1nnY,0.5756553411483765
tvsum,mobilenetv3_large_100,full_temporal,43,4,gzDbaEs1Rlg,0.5255104303359985
tvsum,mobilenetv3_large_100,full_temporal,43,4,kLxoNp-UchI,0.5037392973899841
tvsum,mobilenetv3_large_100,full_temporal,43,4,sTEELN-vY30,0.5490623712539673
tvsum,mobilenetv3_large_100,full_temporal,43,5,AwmHb44_ouw,0.6506999135017395
tvsum,mobilenetv3_large_100,full_temporal,43,5,EE-bNr36nyA,0.2783985733985901
tvsum,mobilenetv3_large_100,full_temporal,43,5,Hl-__g2gn_A,0.6480752229690552
tvsum,mobilenetv3_large_100,full_temporal,43,5,LRw_obCPUt0,0.5875908136367798
tvsum,mobilenetv3_large_100,full_temporal,43,5,PJrm840pAUI,0.49828967452049255
tvsum,mobilenetv3_large_100,full_temporal,43,5,Se3oxnaPsz0,0.4616851210594177
tvsum,mobilenetv3_large_100,full_temporal,43,5,Yi4Ij2NM7U4,0.6641404032707214
tvsum,mobilenetv3_large_100,full_temporal,43,5,iVt07TCkFM0,0.7269130617380142
tvsum,mobilenetv3_large_100,full_temporal,43,5,qqR6AEXwxoQ,0.80421382188797
tvsum,mobilenetv3_large_100,full_temporal,43,5,z_6gVvQb2d0,0.4119386076927185
tvsum,mobilenetv3_large_100,full_temporal,44,1,HT5vyqe0Xaw,0.5192995667457581
tvsum,mobilenetv3_large_100,full_temporal,44,1,JgHubY5Vw3Y,0.6399921774864197
tvsum,mobilenetv3_large_100,full_temporal,44,1,NyBmCxDoHJU,0.49968165159225464
tvsum,mobilenetv3_large_100,full_temporal,44,1,WxtbjNsCQ8A,0.5879068374633789
tvsum,mobilenetv3_large_100,full_temporal,44,1,XkqCExn6_Us,0.47601422667503357
tvsum,mobilenetv3_large_100,full_temporal,44,1,akI8YFjEmUw,0.4613341689109802
tvsum,mobilenetv3_large_100,full_temporal,44,1,byxOvuiIJV0,0.5701571106910706
tvsum,mobilenetv3_large_100,full_temporal,44,1,jcoYJXDG9sw,0.5161389708518982
tvsum,mobilenetv3_large_100,full_temporal,44,1,vdmoEJ5YbrQ,0.5125376582145691
tvsum,mobilenetv3_large_100,full_temporal,44,1,xxdtq8mxegs,0.6948756575584412
tvsum,mobilenetv3_large_100,full_temporal,44,2,3eYKfiOEJNs,0.4445750117301941
tvsum,mobilenetv3_large_100,full_temporal,44,2,4wU_LUjG5Ic,0.4790263772010803
tvsum,mobilenetv3_large_100,full_temporal,44,2,98MoyGZKHXc,0.522608757019043
tvsum,mobilenetv3_large_100,full_temporal,44,2,Bhxk-O1Y7Ho,0.6530700922012329
tvsum,mobilenetv3_large_100,full_temporal,44,2,GsAD1KT1xo8,0.581264078617096
tvsum,mobilenetv3_large_100,full_temporal,44,2,J0nA4VgnoCo,0.5822886228561401
tvsum,mobilenetv3_large_100,full_temporal,44,2,i3wAGJaaktw,0.7284271717071533
tvsum,mobilenetv3_large_100,full_temporal,44,2,oDXZc0tZe04,0.5712271332740784
tvsum,mobilenetv3_large_100,full_temporal,44,2,xmEERLqJ2kU,0.6252119541168213
tvsum,mobilenetv3_large_100,full_temporal,44,2,xwqBXPGE9pQ,0.5896028280258179
tvsum,mobilenetv3_large_100,full_temporal,44,3,-esJrBWj2d8,0.4403843879699707
tvsum,mobilenetv3_large_100,full_temporal,44,3,91IHQYk1IQM,0.6444574594497681
tvsum,mobilenetv3_large_100,full_temporal,44,3,E11zDS9XGzg,0.4727034568786621
tvsum,mobilenetv3_large_100,full_temporal,44,3,JKpqYvAdIsw,0.673088550567627
tvsum,mobilenetv3_large_100,full_temporal,44,3,WG0MBPpPC6I,0.650440514087677
tvsum,mobilenetv3_large_100,full_temporal,44,3,XzYM3PfTM4w,0.6463217735290527
tvsum,mobilenetv3_large_100,full_temporal,44,3,b626MiF1ew4,0.5677052736282349
tvsum,mobilenetv3_large_100,full_temporal,44,3,cjibtmSLxQ4,0.40511053800582886
tvsum,mobilenetv3_large_100,full_temporal,44,3,eQu1rNs0an0,0.6544609665870667
tvsum,mobilenetv3_large_100,full_temporal,44,3,uGu_10sucQo,0.44245749711990356
tvsum,mobilenetv3_large_100,full_temporal,44,4,0tmA_C6XwfM,0.5511276125907898
tvsum,mobilenetv3_large_100,full_temporal,44,4,37rzWOQsNIw,0.5373255014419556
tvsum,mobilenetv3_large_100,full_temporal,44,4,EYqVtI9YWJA,0.6986116170883179
tvsum,mobilenetv3_large_100,full_temporal,44,4,RBCABdttQmI,0.43529677391052246
tvsum,mobilenetv3_large_100,full_temporal,44,4,VuWGsYPqAX8,0.5181278586387634
tvsum,mobilenetv3_large_100,full_temporal,44,4,_xMr-HKMfVA,0.7271205186843872
tvsum,mobilenetv3_large_100,full_temporal,44,4,fWutDQy1nnY,0.5647850632667542
tvsum,mobilenetv3_large_100,full_temporal,44,4,gzDbaEs1Rlg,0.6075307130813599
tvsum,mobilenetv3_large_100,full_temporal,44,4,kLxoNp-UchI,0.5037392973899841
tvsum,mobilenetv3_large_100,full_temporal,44,4,sTEELN-vY30,0.5490623712539673
tvsum,mobilenetv3_large_100,full_temporal,44,5,AwmHb44_ouw,0.6133533716201782
tvsum,mobilenetv3_large_100,full_temporal,44,5,EE-bNr36nyA,0.3815932869911194
tvsum,mobilenetv3_large_100,full_temporal,44,5,Hl-__g2gn_A,0.5782691240310669
tvsum,mobilenetv3_large_100,full_temporal,44,5,LRw_obCPUt0,0.572769820690155
tvsum,mobilenetv3_large_100,full_temporal,44,5,PJrm840pAUI,0.4909839630126953
tvsum,mobilenetv3_large_100,full_temporal,44,5,Se3oxnaPsz0,0.4901067614555359
tvsum,mobilenetv3_large_100,full_temporal,44,5,Yi4Ij2NM7U4,0.6689267754554749
tvsum,mobilenetv3_large_100,full_temporal,44,5,iVt07TCkFM0,0.7269130617380142
tvsum,mobilenetv3_large_100,full_temporal,44,5,qqR6AEXwxoQ,0.8049458265304565
tvsum,mobilenetv3_large_100,full_temporal,44,5,z_6gVvQb2d0,0.5926380157470703
tvsum,vit_base_patch16_224,full_temporal,42,1,HT5vyqe0Xaw,0.5578169226646423
tvsum,vit_base_patch16_224,full_temporal,42,1,JgHubY5Vw3Y,0.7138766050338745
tvsum,vit_base_patch16_224,full_temporal,42,1,NyBmCxDoHJU,0.5505985617637634
tvsum,vit_base_patch16_224,full_temporal,42,1,WxtbjNsCQ8A,0.6726024150848389
tvsum,vit_base_patch16_224,full_temporal,42,1,XkqCExn6_Us,0.46543067693710327
tvsum,vit_base_patch16_224,full_temporal,42,1,akI8YFjEmUw,0.4214744567871094
tvsum,vit_base_patch16_224,full_temporal,42,1,byxOvuiIJV0,0.5929001569747925
tvsum,vit_base_patch16_224,full_temporal,42,1,jcoYJXDG9sw,0.47991275787353516
tvsum,vit_base_patch16_224,full_temporal,42,1,vdmoEJ5YbrQ,0.4518502652645111
tvsum,vit_base_patch16_224,full_temporal,42,1,xxdtq8mxegs,0.7524257302284241
tvsum,vit_base_patch16_224,full_temporal,42,2,3eYKfiOEJNs,0.5659338235855103
tvsum,vit_base_patch16_224,full_temporal,42,2,4wU_LUjG5Ic,0.48719358444213867
tvsum,vit_base_patch16_224,full_temporal,42,2,98MoyGZKHXc,0.6251620650291443
tvsum,vit_base_patch16_224,full_temporal,42,2,Bhxk-O1Y7Ho,0.66965252161026
tvsum,vit_base_patch16_224,full_temporal,42,2,GsAD1KT1xo8,0.5465187430381775
tvsum,vit_base_patch16_224,full_temporal,42,2,J0nA4VgnoCo,0.5990236401557922
tvsum,vit_base_patch16_224,full_temporal,42,2,i3wAGJaaktw,0.7284271717071533
tvsum,vit_base_patch16_224,full_temporal,42,2,oDXZc0tZe04,0.5137714147567749
tvsum,vit_base_patch16_224,full_temporal,42,2,xmEERLqJ2kU,0.6137484908103943
tvsum,vit_base_patch16_224,full_temporal,42,2,xwqBXPGE9pQ,0.5924175977706909
tvsum,vit_base_patch16_224,full_temporal,42,3,-esJrBWj2d8,0.48359814286231995
tvsum,vit_base_patch16_224,full_temporal,42,3,91IHQYk1IQM,0.5578359365463257
tvsum,vit_base_patch16_224,full_temporal,42,3,E11zDS9XGzg,0.566868245601654
tvsum,vit_base_patch16_224,full_temporal,42,3,JKpqYvAdIsw,0.6203356981277466
tvsum,vit_base_patch16_224,full_temporal,42,3,WG0MBPpPC6I,0.5613870024681091
tvsum,vit_base_patch16_224,full_temporal,42,3,XzYM3PfTM4w,0.5679725408554077
tvsum,vit_base_patch16_224,full_temporal,42,3,b626MiF1ew4,0.5916093587875366
tvsum,vit_base_patch16_224,full_temporal,42,3,cjibtmSLxQ4,0.44323641061782837
tvsum,vit_base_patch16_224,full_temporal,42,3,eQu1rNs0an0,0.678920567035675
tvsum,vit_base_patch16_224,full_temporal,42,3,uGu_10sucQo,0.4277685936540365
tvsum,vit_base_patch16_224,full_temporal,42,4,0tmA_C6XwfM,0.5585670471191406
tvsum,vit_base_patch16_224,full_temporal,42,4,37rzWOQsNIw,0.4941472113132477
tvsum,vit_base_patch16_224,full_temporal,42,4,EYqVtI9YWJA,0.636868953704834
tvsum,vit_base_patch16_224,full_temporal,42,4,RBCABdttQmI,0.3121088743209839
tvsum,vit_base_patch16_224,full_temporal,42,4,VuWGsYPqAX8,0.6042093634605408
tvsum,vit_base_patch16_224,full_temporal,42,4,_xMr-HKMfVA,0.3499484956264496
tvsum,vit_base_patch16_224,full_temporal,42,4,fWutDQy1nnY,0.5253333449363708
tvsum,vit_base_patch16_224,full_temporal,42,4,gzDbaEs1Rlg,0.5586985349655151
tvsum,vit_base_patch16_224,full_temporal,42,4,kLxoNp-UchI,0.4193804860115051
tvsum,vit_base_patch16_224,full_temporal,42,4,sTEELN-vY30,0.57844078540802
tvsum,vit_base_patch16_224,full_temporal,42,5,AwmHb44_ouw,0.6665223836898804
tvsum,vit_base_patch16_224,full_temporal,42,5,EE-bNr36nyA,0.27951109409332275
tvsum,vit_base_patch16_224,full_temporal,42,5,Hl-__g2gn_A,0.6480752229690552
tvsum,vit_base_patch16_224,full_temporal,42,5,LRw_obCPUt0,0.5646020174026489
tvsum,vit_base_patch16_224,full_temporal,42,5,PJrm840pAUI,0.45730987191200256
tvsum,vit_base_patch16_224,full_temporal,42,5,Se3oxnaPsz0,0.4072837233543396
tvsum,vit_base_patch16_224,full_temporal,42,5,Yi4Ij2NM7U4,0.6574597954750061
tvsum,vit_base_patch16_224,full_temporal,42,5,iVt07TCkFM0,0.7269130617380142
tvsum,vit_base_patch16_224,full_temporal,42,5,qqR6AEXwxoQ,0.8442351222038269
tvsum,vit_base_patch16_224,full_temporal,42,5,z_6gVvQb2d0,0.546223521232605
tvsum,vit_base_patch16_224,full_temporal,43,1,HT5vyqe0Xaw,0.613197386264801
tvsum,vit_base_patch16_224,full_temporal,43,1,JgHubY5Vw3Y,0.7138766050338745
tvsum,vit_base_patch16_224,full_temporal,43,1,NyBmCxDoHJU,0.49220141768455505
tvsum,vit_base_patch16_224,full_temporal,43,1,WxtbjNsCQ8A,0.6531715393066406
tvsum,vit_base_patch16_224,full_temporal,43,1,XkqCExn6_Us,0.5172805190086365
tvsum,vit_base_patch16_224,full_temporal,43,1,akI8YFjEmUw,0.4542824625968933
tvsum,vit_base_patch16_224,full_temporal,43,1,byxOvuiIJV0,0.5376477837562561
tvsum,vit_base_patch16_224,full_temporal,43,1,jcoYJXDG9sw,0.4901084005832672
tvsum,vit_base_patch16_224,full_temporal,43,1,vdmoEJ5YbrQ,0.4909578859806061
tvsum,vit_base_patch16_224,full_temporal,43,1,xxdtq8mxegs,0.7192997336387634
tvsum,vit_base_patch16_224,full_temporal,43,2,3eYKfiOEJNs,0.4612632393836975
tvsum,vit_base_patch16_224,full_temporal,43,2,4wU_LUjG5Ic,0.4790263772010803
tvsum,vit_base_patch16_224,full_temporal,43,2,98MoyGZKHXc,0.5215089917182922
tvsum,vit_base_patch16_224,full_temporal,43,2,Bhxk-O1Y7Ho,0.6442841291427612
tvsum,vit_base_patch16_224,full_temporal,43,2,GsAD1KT1xo8,0.5353186130523682
tvsum,vit_base_patch16_224,full_temporal,43,2,J0nA4VgnoCo,0.5882382392883301
tvsum,vit_base_patch16_224,full_temporal,43,2,i3wAGJaaktw,0.744102954864502
tvsum,vit_base_patch16_224,full_temporal,43,2,oDXZc0tZe04,0.5586135983467102
tvsum,vit_base_patch16_224,full_temporal,43,2,xmEERLqJ2kU,0.6437642574310303
tvsum,vit_base_patch16_224,full_temporal,43,2,xwqBXPGE9pQ,0.5806387662887573
tvsum,vit_base_patch16_224,full_temporal,43,3,-esJrBWj2d8,0.578837513923645
tvsum,vit_base_patch16_224,full_temporal,43,3,91IHQYk1IQM,0.5629324316978455
tvsum,vit_base_patch16_224,full_temporal,43,3,E11zDS9XGzg,0.5224946737289429
tvsum,vit_base_patch16_224,full_temporal,43,3,JKpqYvAdIsw,0.673088550567627
tvsum,vit_base_patch16_224,full_temporal,43,3,WG0MBPpPC6I,0.45190319418907166
tvsum,vit_base_patch16_224,full_temporal,43,3,XzYM3PfTM4w,0.7169275283813477
tvsum,vit_base_patch16_224,full_temporal,43,3,b626MiF1ew4,0.5805480480194092
tvsum,vit_base_patch16_224,full_temporal,43,3,cjibtmSLxQ4,0.44677790999412537
tvsum,vit_base_patch16_224,full_temporal,43,3,eQu1rNs0an0,0.698189914226532
tvsum,vit_base_patch16_224,full_temporal,43,3,uGu_10sucQo,0.4194408357143402
tvsum,vit_base_patch16_224,full_temporal,43,4,0tmA_C6XwfM,0.5511276125907898
tvsum,vit_base_patch16_224,full_temporal,43,4,37rzWOQsNIw,0.5200218558311462
tvsum,vit_base_patch16_224,full_temporal,43,4,EYqVtI9YWJA,0.6986116170883179
tvsum,vit_base_patch16_224,full_temporal,43,4,RBCABdttQmI,0.3545030951499939
tvsum,vit_base_patch16_224,full_temporal,43,4,VuWGsYPqAX8,0.6150115728378296
tvsum,vit_base_patch16_224,full_temporal,43,4,_xMr-HKMfVA,0.47322607040405273
tvsum,vit_base_patch16_224,full_temporal,43,4,fWutDQy1nnY,0.5217046141624451
tvsum,vit_base_patch16_224,full_temporal,43,4,gzDbaEs1Rlg,0.5631877183914185
tvsum,vit_base_patch16_224,full_temporal,43,4,kLxoNp-UchI,0.4193804860115051
tvsum,vit_base_patch16_224,full_temporal,43,4,sTEELN-vY30,0.57844078540802
tvsum,vit_base_patch16_224,full_temporal,43,5,AwmHb44_ouw,0.7082234025001526
tvsum,vit_base_patch16_224,full_temporal,43,5,EE-bNr36nyA,0.2486409693956375
tvsum,vit_base_patch16_224,full_temporal,43,5,Hl-__g2gn_A,0.6053649187088013
tvsum,vit_base_patch16_224,full_temporal,43,5,LRw_obCPUt0,0.5708608031272888
tvsum,vit_base_patch16_224,full_temporal,43,5,PJrm840pAUI,0.4176732897758484
tvsum,vit_base_patch16_224,full_temporal,43,5,Se3oxnaPsz0,0.45805829763412476
tvsum,vit_base_patch16_224,full_temporal,43,5,Yi4Ij2NM7U4,0.7421939373016357
tvsum,vit_base_patch16_224,full_temporal,43,5,iVt07TCkFM0,0.7269130617380142
tvsum,vit_base_patch16_224,full_temporal,43,5,qqR6AEXwxoQ,0.8442351222038269
tvsum,vit_base_patch16_224,full_temporal,43,5,z_6gVvQb2d0,0.5715919733047485
tvsum,vit_base_patch16_224,full_temporal,44,1,HT5vyqe0Xaw,0.6005482077598572
tvsum,vit_base_patch16_224,full_temporal,44,1,JgHubY5Vw3Y,0.7138766050338745
tvsum,vit_base_patch16_224,full_temporal,44,1,NyBmCxDoHJU,0.5153728127479553
tvsum,vit_base_patch16_224,full_temporal,44,1,WxtbjNsCQ8A,0.6092852354049683
tvsum,vit_base_patch16_224,full_temporal,44,1,XkqCExn6_Us,0.5359160304069519
tvsum,vit_base_patch16_224,full_temporal,44,1,akI8YFjEmUw,0.44160494208335876
tvsum,vit_base_patch16_224,full_temporal,44,1,byxOvuiIJV0,0.5929001569747925
tvsum,vit_base_patch16_224,full_temporal,44,1,jcoYJXDG9sw,0.4901084005832672
tvsum,vit_base_patch16_224,full_temporal,44,1,vdmoEJ5YbrQ,0.5075206756591797
tvsum,vit_base_patch16_224,full_temporal,44,1,xxdtq8mxegs,0.7192997336387634
tvsum,vit_base_patch16_224,full_temporal,44,2,3eYKfiOEJNs,0.4834165573120117
tvsum,vit_base_patch16_224,full_temporal,44,2,4wU_LUjG5Ic,0.4790263772010803
tvsum,vit_base_patch16_224,full_temporal,44,2,98MoyGZKHXc,0.5215089917182922
tvsum,vit_base_patch16_224,full_temporal,44,2,Bhxk-O1Y7Ho,0.6546667814254761
tvsum,vit_base_patch16_224,full_temporal,44,2,GsAD1KT1xo8,0.5353186130523682
tvsum,vit_base_patch16_224,full_temporal,44,2,J0nA4VgnoCo,0.5837945938110352
tvsum,vit_base_patch16_224,full_temporal,44,2,i3wAGJaaktw,0.679935097694397
tvsum,vit_base_patch16_224,full_temporal,44,2,oDXZc0tZe04,0.4978981912136078
tvsum,vit_base_patch16_224,full_temporal,44,2,xmEERLqJ2kU,0.6175695657730103
tvsum,vit_base_patch16_224,full_temporal,44,2,xwqBXPGE9pQ,0.6418951153755188
tvsum,vit_base_patch16_224,full_temporal,44,3,-esJrBWj2d8,0.5298389196395874
tvsum,vit_base_patch16_224,full_temporal,44,3,91IHQYk1IQM,0.5410979986190796
tvsum,vit_base_patch16_224,full_temporal,44,3,E11zDS9XGzg,0.5040547847747803
tvsum,vit_base_patch16_224,full_temporal,44,3,JKpqYvAdIsw,0.5348281264305115
tvsum,vit_base_patch16_224,full_temporal,44,3,WG0MBPpPC6I,0.532426655292511
tvsum,vit_base_patch16_224,full_temporal,44,3,XzYM3PfTM4w,0.5679725408554077
tvsum,vit_base_patch16_224,full_temporal,44,3,b626MiF1ew4,0.5805480480194092
tvsum,vit_base_patch16_224,full_temporal,44,3,cjibtmSLxQ4,0.45064815878868103
tvsum,vit_base_patch16_224,full_temporal,44,3,eQu1rNs0an0,0.6539403200149536
tvsum,vit_base_patch16_224,full_temporal,44,3,uGu_10sucQo,0.44245749711990356
tvsum,vit_base_patch16_224,full_temporal,44,4,0tmA_C6XwfM,0.5511276125907898
tvsum,vit_base_patch16_224,full_temporal,44,4,37rzWOQsNIw,0.4941472113132477
tvsum,vit_base_patch16_224,full_temporal,44,4,EYqVtI9YWJA,0.665587306022644
tvsum,vit_base_patch16_224,full_temporal,44,4,RBCABdttQmI,0.4367700219154358
tvsum,vit_base_patch16_224,full_temporal,44,4,VuWGsYPqAX8,0.669222354888916
tvsum,vit_base_patch16_224,full_temporal,44,4,_xMr-HKMfVA,0.630316436290741
tvsum,vit_base_patch16_224,full_temporal,44,4,fWutDQy1nnY,0.5320773124694824
tvsum,vit_base_patch16_224,full_temporal,44,4,gzDbaEs1Rlg,0.6221414804458618
tvsum,vit_base_patch16_224,full_temporal,44,4,kLxoNp-UchI,0.4193804860115051
tvsum,vit_base_patch16_224,full_temporal,44,4,sTEELN-vY30,0.57844078540802
tvsum,vit_base_patch16_224,full_temporal,44,5,AwmHb44_ouw,0.6665223836898804
tvsum,vit_base_patch16_224,full_temporal,44,5,EE-bNr36nyA,0.36822566390037537
tvsum,vit_base_patch16_224,full_temporal,44,5,Hl-__g2gn_A,0.6053649187088013
tvsum,vit_base_patch16_224,full_temporal,44,5,LRw_obCPUt0,0.5646020174026489
tvsum,vit_base_patch16_224,full_temporal,44,5,PJrm840pAUI,0.474470317363739
tvsum,vit_base_patch16_224,full_temporal,44,5,Se3oxnaPsz0,0.45805829763412476
tvsum,vit_base_patch16_224,full_temporal,44,5,Yi4Ij2NM7U4,0.7329205870628357
tvsum,vit_base_patch16_224,full_temporal,44,5,iVt07TCkFM0,0.7269130617380142
tvsum,vit_base_patch16_224,full_temporal,44,5,qqR6AEXwxoQ,0.8442351222038269
tvsum,vit_base_patch16_224,full_temporal,44,5,z_6gVvQb2d0,0.5715919733047485
